-- phpMyAdmin SQL Dump
-- version 4.0.4
-- http://www.phpmyadmin.net
--
-- Host: localhost
-- Generation Time: Dec 09, 2018 at 06:09 PM
-- Server version: 5.6.12-log
-- PHP Version: 5.4.16

SET SQL_MODE = "NO_AUTO_VALUE_ON_ZERO";
SET time_zone = "+00:00";


/*!40101 SET @OLD_CHARACTER_SET_CLIENT=@@CHARACTER_SET_CLIENT */;
/*!40101 SET @OLD_CHARACTER_SET_RESULTS=@@CHARACTER_SET_RESULTS */;
/*!40101 SET @OLD_COLLATION_CONNECTION=@@COLLATION_CONNECTION */;
/*!40101 SET NAMES utf8 */;

--
-- Database: `medical14`
--
CREATE DATABASE IF NOT EXISTS `medical14` DEFAULT CHARACTER SET latin1 COLLATE latin1_swedish_ci;
USE `medical14`;

-- --------------------------------------------------------

--
-- Table structure for table `articles`
--

CREATE TABLE IF NOT EXISTS `articles` (
  `id` int(11) NOT NULL AUTO_INCREMENT,
  `title` mediumtext,
  `body` mediumtext,
  `author_id` int(11) DEFAULT NULL,
  `created_date` date DEFAULT NULL,
  `image` mediumtext,
  `reading` int(11) DEFAULT NULL,
  PRIMARY KEY (`id`)
) ENGINE=InnoDB  DEFAULT CHARSET=utf8 AUTO_INCREMENT=51 ;

--
-- Dumping data for table `articles`
--

INSERT INTO `articles` (`id`, `title`, `body`, `author_id`, `created_date`, `image`, `reading`) VALUES
(38, 'ماهي اخطر امراض القلب ؟', '<p>تعد أمراض القلب الشرايينية أو كما تسمى أمراض القلب الوعائية أو تصلب الشرايين هي اخطر امراض القلب على الاطلاق, حيث أنها أهم الأمراض التي تؤدي إلى الوفاة في العالم. ففي أمريكا وحدها, يموت حوالي 380 ألف شخص سنوياً نتيجة الإصابة بأمراض القلب الشرايينية حيث يعد القاتل رقم 1.&nbsp;<span id="more-2376"></span>ويصاب سنوياً نحو 720 الف مواطن أمريكي&nbsp;<a title="ما هي النوبة القلبية – جلطة القلب – اعراض النوبة القلبية" href="http://www.2albak.com/جلطة-القلب-اعراض-النوبة-القلبية/" target="_blank" rel="noopener">بالجلطة القلبية</a>&nbsp;التي تحدث بسبب أمراض القلب الشريانية. وتنفق الولايات المتحدة حوالي 108.9 مليار دولار على أمراض القلب.</p>\r\n<h1>لماذا تعد أمراض القلب الشرايينية اخطر امراض القلب؟</h1>\r\n<p>&ndash; يموت حوالي 380 ألف مواطن أمريكي سنوياً نتيجة أمراض&nbsp;<a href="https://ar.wikipedia.org/wiki/تصلب_شرياني" target="_blank" rel="noopener">تصلب الشرايين</a><br />&ndash; يموت حوالي 7.3 مليون شخص في العالم سنوياً جراء الإصابة بأمراض تصلب الشرايين<br />&ndash; في أستراليا, يموت حوالي 55 مواطن كل يوم نتيجة الإصابة بأمراض القلب الشرايينية وهي تقريباً مواطن أسترالي كل 24 دقيقة.<br />&ndash; هناك 73 ألف حالة وفاة نتيجة الإصابة بأمراض القلب الشرايينية كل عام في بريطانيا. وهي تقريباً رجل واحد لكل 6 رجال وإمرأة واحدة لكل 10 نساء.</p>\r\n<h2>ماهي أمراض القلب الشرايينة؟</h2>\r\n<p><a href="http://www.2albak.com/ماهي-أمراض-القلب-الشرايين-واعراضها/" target="_blank" rel="noopener">امراض القلب الشرايينة</a>&nbsp;والتي تعتبر اخطر امراض القلب, تحدث نتيجة تراكم المواد الدهنية في الأوعية الواصلة إلى القلب حيث يتم منع عبور الدم المحمل بالأوكسجين إلى القلب. وبالتالي يفقد القلب قدرته على القيام بوظائفه المنوط بها, ومن ثم يتأثر الجسم بالمرض حيث تفقد بالتالي كافة أعضاء الجسم القدرة على القيام بوظائفها الحيوية. ويمكن أن يؤدي تصلب الشرايين أو ضيق الشرايين في النهاية إلى الإصابة بجلطة القلب.</p>\r\n<h2>كيف تحدث أمراض القلب الشرايينية؟</h2>\r\n<p>يحدث ان تتراكم المواد الدهنية في الأوعية الدموية للقلب, وبمرور الوقت يحدث ضيق في الشرايين ويؤدي ذلك إلى حدوث تصلب في الشرايين. ويمكن أن يسبب تصلب الشرايين في النهاية الإصابة بجلطة القلب.<br />ويحدث تصلب الشرايين أو ضيق الأوعية نتيجة لبعض العوامل الرئيسة مثل:</p>\r\n<p>&ndash; التدخين<br />&ndash;&nbsp;<a title="اضرار ومخاطر واعراض واسباب ارتفاع الكولسترول في الدم" href="http://www.2albak.com/مخاطر-واعراض-واسباب-ارتفاع-الكولسترو/" target="_blank" rel="noopener">ارتفاع الكولسترول</a><br />&ndash;&nbsp;<a title="مضاعفات ضغط الدم المرتفع على القلب والاوعية الدموية" href="http://www.2albak.com/مضاعفات-ضغط-الدم-المرتفع-على-القلب/" target="_blank" rel="noopener">ارتفاع ضغط الدم</a><br />&ndash;&nbsp;<a title="8 نصائح لمرضى السكر للوقاية من مضاعفات مرض السكر على القلب" href="http://www.2albak.com/نصائح-لمرضى-السكر-والوقاية-من-المضاعف/" target="_blank" rel="noopener">مرض السكر</a></p>\r\n<h2><img class="aligncenter size-medium wp-image-2377" src="http://www.2albak.com/wp-content/uploads/bigstock-Clogged-Artery-Atheroscleros-71560189-480x360.jpg" sizes="(max-width: 480px) 100vw, 480px" srcset="http://www.2albak.com/wp-content/uploads/bigstock-Clogged-Artery-Atheroscleros-71560189-480x360.jpg 480w, http://www.2albak.com/wp-content/uploads/bigstock-Clogged-Artery-Atheroscleros-71560189-1024x768.jpg 1024w, http://www.2albak.com/wp-content/uploads/bigstock-Clogged-Artery-Atheroscleros-71560189.jpg 1200w" alt="ضيق الشرايين هي اخطر امراض القلب" width="480" height="360" /></h2>\r\n<p>&nbsp; &nbsp; &nbsp; &nbsp; &nbsp; &nbsp; &nbsp; &nbsp; &nbsp; &nbsp; &nbsp; &nbsp; &nbsp; &nbsp; &nbsp; &nbsp; &nbsp; &nbsp; &nbsp; &nbsp; &nbsp; &nbsp; &nbsp; &nbsp; &nbsp;كيف يحدث ضيق في الشرايين</p>\r\n<h2>تشخيص امراض القلب الشرايينية</h2>\r\n<p>إذا رأى الطبيب أن هناك احتمالية للإصابة بأمراض القلب الشرايينية أو تصلب الشرايين, فإنه سيطلب تحليلاً للدم والسؤال عن تاريخ العائلة المرضي وأسلوب الحياة. بالإضافة إلى إمكانية تشخيص المرض عن طريق بعض التشخيصات مثل:</p>\r\n<p>&ndash;&nbsp;<a title="التشخيص بالرنين المغناطيسي للقلب وسيلة آمنة صحيا للمرضى والحوامل" href="http://www.2albak.com/التشخيص-بالرنين-المغناطيسي-للقلب/" target="_blank" rel="noopener">التصوير بالرنين المغناطيسي للقلب</a>&nbsp;وهو أحدث وأفضل أنواع التشخيص<br />&ndash; أشعة مقطعية للقلب</p>\r\n<p>والوقاية من امراض القلب الشرايينية يمكن أن يؤدي إلى خفض مخاطر الإصابة بهذا المرض الذي يعد اخطر امراض القلب. ومن بين طرق الوقاية من امراض القلب الشرايينية, التخلص من التدخين وتغيير النظام الغذائي وخفض الكولسترول والتحكم في الضغط. (<a title="6 طرق للوقاية من امراض القلب والشرايين" href="http://www.2albak.com/طرق-الوقاية-من-امراض-القلب-والشرايين/" target="_blank" rel="noopener">الوقاية من امراض القلب الشرايينية</a>)</p>', NULL, '2018-12-02', 'bigstock-Stethoscope-and-broken-heart-c-23631311-1024x682.jpg', 1),
(39, '8 نصائح لمرضى السكر للوقاية من مضاعفات مرض السكر على القلب', '<p>يتخوف أغلب المصابين بمرض السكري من الإصابة بالعمى أو الغرغرينا وهما أحد مضاعفات مرض السكري, إلا أن الخطر الأكبر لمضاعفات السكري يكون أمراض القلب والمخ.</p>\r\n<p>ويموت نحو 65% من المصابين بمرض السكري نتيجة الإصابة بأمراض القلب أو الجلطات<span id="more-2342"></span>. وتمثل نسبة الوفيات بأمراض القلب والجلطات نتيجة مرض السكر حوالي 2-4 أضعاف من غيرهم ممن لا يعانون من مرض السكر.</p>\r\n<p>يقول الدكتور جيرالد بيرنشتاين الأستاذ في كلية الطب بجامعة نيويورك واستشاري مرض السكري, أن مريض السكري قبل ان يتم تشخيصه, فإنه يمكن أن يكون لديه مشاكل ما قبل السكري لمدة تصل إلى 10 سنوات. وباكتشاف المرض, فإن مخاطر الإصابة بأمراض القلب تكون قد تفاقمت للغاية. وسوف نقدم نصائح لمرضى السكر للوقاية من مضاعفات مرض السكر على القلب و<a title="ما هي النوبة القلبية – جلطة القلب – اعراض النوبة القلبية" href="http://www.2albak.com/جلطة-القلب-اعراض-النوبة-القلبية/" target="_blank" rel="noopener">الجلطات القلبية</a>.</p>\r\n<h1><strong>نصائح لمرضى السكر للوقاية من مضاعفات مرض السكر على القلب</strong></h1>\r\n<h2>1- اقبل التحدي</h2>\r\n<p><img class="aligncenter wp-image-2346" src="http://www.2albak.com/wp-content/uploads/bigstock-Beautiful-Woman-Smiling-With-B-43461820-480x320.jpg" sizes="(max-width: 300px) 100vw, 300px" srcset="http://www.2albak.com/wp-content/uploads/bigstock-Beautiful-Woman-Smiling-With-B-43461820-480x320.jpg 480w, http://www.2albak.com/wp-content/uploads/bigstock-Beautiful-Woman-Smiling-With-B-43461820-300x200.jpg 300w, http://www.2albak.com/wp-content/uploads/bigstock-Beautiful-Woman-Smiling-With-B-43461820.jpg 700w" alt="قبول التحدي أحد نصائح الوقاية من مضاعفات مرض السكر" width="300" height="200" /></p>\r\n<p>مرضى السكر من النوع الثاني يواجهون تحديات ضخمة ليس بسبب فقط التمثيل العشوائي للجلوكوز الموجود في الدم. ولكن أيضاً بسبب أن معظم مرضى السكر يرتبط المرض لديهم ببعض المشاكل الصحية الأخرى مثل ارتفاع الكولسترول وضغط الدم وزيادة الوزن. وكل هذه العوامل تمثل تحدياً كبيراً لمريض السكر. ويجب أن يضع مريض السكر في اعتباره كل هذه العوامل التي يمكن أن تقود إلى المزيد من الأمراض مثل أمراض القلب وزيادة مخاطر الجلطات القلبية.</p>\r\n<h2>2- تحكم في نسبة السكر</h2>\r\n<p><img class="aligncenter wp-image-2345" src="http://www.2albak.com/wp-content/uploads/bigstock-Close-up-of-a-mature-diabetic-49707971-1-480x320.jpg" sizes="(max-width: 300px) 100vw, 300px" srcset="http://www.2albak.com/wp-content/uploads/bigstock-Close-up-of-a-mature-diabetic-49707971-1-480x320.jpg 480w, http://www.2albak.com/wp-content/uploads/bigstock-Close-up-of-a-mature-diabetic-49707971-1-300x200.jpg 300w, http://www.2albak.com/wp-content/uploads/bigstock-Close-up-of-a-mature-diabetic-49707971-1.jpg 700w" alt="التحكم في السكر يساعد في الوقاية من مضاعفات مرض السكر" width="300" height="200" /></p>\r\n<p>إذا كنت تحصل على أحد أنواع أدوية السكر, فلا تهمله وحافظ على تناوله. وعليك إجراء اختبار الدم السكري مرتين في العام على الأقل للاطمئنان على أن نسبة السكر في المعدل الآمن.</p>\r\n<p>ويعمل اختبار الدم السكري على قياس نسبة الجلوكوز الموجود في خلايا الدم الحمراء, حيث يحدد هذا نسبة السكر في الدم في الثلاثة أشهر السابقة.</p>\r\n<p>وينبغي أن تتابع يومياً تأثير الأغذية على نسبة السكر في الدم وقياس نسبة السكر بشكل متكرر في اليوم باستخدام جهاز قياس السكر. حيث يجب أن يكون معدل السكر بين 90-130 قبل الأكل وأقل من 180 بعد الأكل بساعة أو ساعتين.</p>\r\n<h2>3- كن نشيطاً نصف ساعة يومياً</h2>\r\n<p><img class="aligncenter wp-image-2348" src="http://www.2albak.com/wp-content/uploads/bigstock-Exercising-in-a-flight-of-stai-57772481-480x320.jpg" sizes="(max-width: 300px) 100vw, 300px" srcset="http://www.2albak.com/wp-content/uploads/bigstock-Exercising-in-a-flight-of-stai-57772481-480x320.jpg 480w, http://www.2albak.com/wp-content/uploads/bigstock-Exercising-in-a-flight-of-stai-57772481-300x200.jpg 300w, http://www.2albak.com/wp-content/uploads/bigstock-Exercising-in-a-flight-of-stai-57772481.jpg 700w" alt="ممارسة الرياضة أهم النصائح لمرضى السكر" width="300" height="200" /></p>\r\n<p>يجب ان تمارس أي نشاط بدني أو رياضي لمدة نصف ساعى يومياً. حيث يمكن أن تسير نصف ساعة بشكل رياضي أو استخدام السلالم بدلاً من الصعود عبر المصاعد. يمكن أيضاً أن تجري قليلاً أو أن تمارس رياضة بدنية في المنزل.</p>\r\n<h2>4- اتبع نظاماً غذائياً صحياً للقلب</h2>\r\n<p><img class="aligncenter wp-image-2347" src="http://www.2albak.com/wp-content/uploads/bigstock-Healthy-muesli-breakfast-with-52782403-480x320.jpg" sizes="(max-width: 300px) 100vw, 300px" srcset="http://www.2albak.com/wp-content/uploads/bigstock-Healthy-muesli-breakfast-with-52782403-480x320.jpg 480w, http://www.2albak.com/wp-content/uploads/bigstock-Healthy-muesli-breakfast-with-52782403-300x200.jpg 300w, http://www.2albak.com/wp-content/uploads/bigstock-Healthy-muesli-breakfast-with-52782403.jpg 700w" alt="النظام الغذائي الصحي يساعد في الوقاية من مضاعفات مرض السكر" width="300" height="200" /></p>\r\n<p>ثمة أغذية تعد صديقة للقلب وتقي من أمراض القلب والأوعية الدموية مثل الحبوب الكاملة والفواكه والخضروات والبروتينات منخفضة الدسم مثل الأسماك. وهناك بعض الأغذية الأخرى الضارة لصحة القلب والتي يجب الابتعاد عنها مثل الأغذية الحيوانية الغنية بالدهون المشبعة والكولسترول وأيضاً الأغذية الغنية بالدهون المحولة مثل المعجنات والحلوى. يمكن من هذا المقال معرفة كيفية اتباع&nbsp;<a title="الغذاء الصحي لمرضى القلب – التغذية الصحية لمريض القلب" href="http://www.2albak.com/الحمية-والغذاء-الصحي-لمرضى-القلب/" target="_blank" rel="noopener">نظام غذائي صحي للقلب</a>.</p>\r\n<h2>5- راقب ضغط الدم</h2>\r\n<p>يجب أن يراقب مريض السكر معدل ضغط الدم والذي يجب أن يكون أقل من 130/80. وهي أهم النصائح لمريض السكر للوقاية من مضاعفات المرض. (<a title="مضاعفات ضغط الدم المرتفع على القلب والاوعية الدموية" href="http://www.2albak.com/مضاعفات-ضغط-الدم-المرتفع-على-القلب/" target="_blank" rel="noopener">مضاعفات ضغط الدم المرتفع على القلب</a>)</p>\r\n<h2>6- تخلص من الوزن الزائد</h2>\r\n<p>إذا كنت تعاني من زيادة في الوزن أو السمنة, عليك باستشارة متخصص في التغذية أو طبيب السكر حيث سيقوم بوضع جدول للسعرات التي تحتاجها دون حدوث خلل في المركبات الغذائية التي يحتاجها الجسم ودون زيادة السكر في الدم.</p>\r\n<h2>7- تخلص من التدخين</h2>\r\n<p><img class="aligncenter wp-image-2344" src="http://www.2albak.com/wp-content/uploads/bigstock-Young-woman-is-breaking-a-ciga-63226240-480x340.jpg" sizes="(max-width: 300px) 100vw, 300px" srcset="http://www.2albak.com/wp-content/uploads/bigstock-Young-woman-is-breaking-a-ciga-63226240-480x340.jpg 480w, http://www.2albak.com/wp-content/uploads/bigstock-Young-woman-is-breaking-a-ciga-63226240.jpg 700w" alt="التخلص من التدخين من أهم النصائح لمريض السكر" width="300" height="213" /></p>\r\n<p>التخلص من التدخين أحد النصائح لمرضى السكر بشكل خاص ولكافة الناس بشكل عام. حيث أن التدخين يزيد من مخاطر الإصابة بأمراض تصلب الشرايين الذي يقود إلى الإصابة بجلطة القلب. (<a title="تأثير وأعراض التدخين على القلب" href="http://www.2albak.com/اعراض-التدخين-على-القلب/" target="_blank" rel="noopener">اضرار واعراض التدخين على القلب</a>)</p>\r\n<h2>8- افحص الكولسترول</h2>\r\n<p>من أهم النصائح لمرضى السكر للوقاية من مضاعفات مرض السكر مثل القلب, هو اختبار الكولسترول على الأقل كل عام. وينبغي أن لا يزيد الكولسترول السيء عن 100, والكولسترول الجيد يجب أن يكون بين 40-50 أو أكثر. ومعدل الدهون الثلاثية لا يزيد عن 150.</p>', NULL, '2018-12-03', 'bigstock-Closeup-On-Medical-Doctor-Woma-65962945.jpg', 1),
(40, 'اضرار الشيشة على القلب', '<p>انتشرت في السنوات الأخيرة ظاهرة تدخين الشيشة بشكل كبير خاصة بين النساء والشباب بعد أن كان استخدامها أكبر بين فئة الكبار وأصحاب المعاشات. وأجريت العديد من الأبحاث حول تدخين الشيشة وعلاقتها بالعديد من الأمراض مثل السرطان وأمراض الرئة بالإضافة إلى أمراض القلب.</p>\r\n<p>وانتشرت<span id="more-2233"></span>&nbsp;الشيشة بشكل رهيب بعد أن كانت مقصورة على بعض البلدان العربية, حتى غزت أوروبا وأمريكا وزاد عدد مدخني الشيشة في هذه البلاد. وتستخدم الشيشة التبغ المحلى مع الفواكه أو العسل الأسود والسكر حيث يجعل دخان الشيشة أكثر عطراً من السجائر. وبالحصول على أنفاس من الشيشة, تدخل السموم إلى الرئة وتقل قدرة الدم على حمل الأوكسجين.</p>\r\n<h1><strong>اضرار الشيشة على القلب</strong></h1>\r\n<p>يحتوي تبغ الشيشة على نفس تبغ السجائر, حيث يحتوي على النيكوتين والقطران وأول أكسيد الكربون والمعادن الثقيلة مثل الزرنيخ والرصاص. ولذلك, فإن مدخني الشيشة معرضون لنفس الأمراض التي يتعرض لها مدخني السجائر مثل أمراض القلب والسرطان وأمراض الرئة واضطرابات الحمل.</p>\r\n<p>ويحمل النفس الواحد من الشيشة نفس كمية الدخان التي يتم الحصول عليها نتيجة تدخين سيجارة كاملة. ويستغرق تدخين جلسة الشيشة حوالي نصف ساعة في المتوسط, حيث وجدت الأبحاث أنه خلال هذه الفترة يمكن أن يحدث استنشاق لنفس كمية الدخان من أكثر من 100 سيجارة.</p>\r\n<p>ويعتقد بعض الناس أن الشيشة لا تسبب الادمان لأن النيكوتين يمتص في المياه المستخدمة في الشيشة, ولكن هذا الأمر غير صحيح, حيث أن المياه تمتص بعضاً من النيكوتين فقط.</p>\r\n<p>من اضرار الشيشة على القلب أن المواد الكيميائية الموجودة في التبغ تعمل على تدمير خلايا الجسم ووظائف القلب وتسبب أمراض تصلب الشرايين مع ضيق الأوعية ثم الإصابة&nbsp;<a href="http://www.2albak.com/ما-هي-الذبحة-الصدرية-واعراضها-والعلاج/">بالذبحة الصدرية</a>&nbsp;أو&nbsp;<a title="ما هي النوبة القلبية – جلطة القلب – اعراض النوبة القلبية" href="http://www.2albak.com/جلطة-القلب-اعراض-النوبة-القلبية/">جلطة القلب</a>.</p>', NULL, '2018-12-04', 'bigstock-Hookah-60007451.jpg', 1),
(41, 'مزايا ومخاطر التصوير بأشعة الرنين المغناطيسي للقلب', '<p>هناك العديد من مزايا التشخيص وتصوير القلب بالرنين المغناطيسي مقارنة بوسائل تصوير القلب الأخرى مثل أشعة الموجات فوق الصوتية أو الأشعة المقطعية. فأشعة الرنين المغناطيسي للقلب لا تستخدم أي إشعاعات متأينة. لذلك, فإنها يمكن أن تستخدم بشكل آمن للحوامل والأطفال. ومن بين مميزات<span id="more-2228"></span>&nbsp;التشخيص بأشعة الرنين المغناطيسي للقلب, هي نقاء الصورة وجودتها, حيث تعطي صوراً ثلاثية الأبعاد واضحة جداً لحجرات القلب وللأوعية الدموية.</p>\r\n<h1><strong>مميزات التشخيص بأشعة الرنين المغناطيسي للقلب</strong></h1>\r\n<ol>\r\n<li>آمنة للحوامل والأطفال</li>\r\n<li>تعطي صوراً واضحة ودقيقة مجسمة لحجرات القلب وللأوعية الدموية</li>\r\n<li>انخفاض الحساسية للأشعة مقارنة</li>\r\n<li>من مميزات اشعة الرنين المغناطيسي للقلب أنها لا تستخدم إشعاعات متأينة</li>\r\n<li>أشعة الرنين المغناطيسي للقلب تعد تشخيصاً مبكراً لأي أعراض أو أمراض في القلب لاسيما في عضلة القلب</li>\r\n<li>أشعة الرنين المغناطيسي للقلب تشخص عدد واسع من أمراض القلب مثل تشريح القلب ومكانه ووجود أي عيوب خلقية وتحديد أي مشاكل في وظائف القلب مثل مشاكل وأمراض الصمامات وهبوط القلب. ومن فوائد التصوير بأشعة الرنين المغناطيسي للقلب في تشخيص الأمراض أنها تشخص الأورام وأمراض القلبل التاجية.</li>\r\n<li>يمكن استخدام أشعة الرنين المغناطيسي للقلب أثناء بعض العمليات والإجراءات للقلب مثل القسطرة الجراحية للقلب. وتساعد أشعة الرنين المغناطيسي على تقليل الوقت اللازم لعملية القسطرة.</li>\r\n<li>من مميزات التصوير باشعة الرنين المغناطيسي للقلب, هو اكتشاف بعض المشاكل والتشوهات الخلقية في القلب التي لا يمكن لوسائل التشخيص الأخرى ادراكها لوجود العظام كعائق في التصوير.</li>\r\n<li>يمكن من خلال أشعة الرنين المغناطيسي للقب تحديد وتقييم وظائف القلب وتشريح القلب والأوعية الكبرى في عضلة القلب دون أي خوف من وجود اشعاعات.</li>\r\n</ol>\r\n<h1><strong>مخاطر التصوير بأشعة الرنين المغناطيسي للقلب</strong></h1>\r\n<ol>\r\n<li>لا يشكل تقريبا التصوير بأشعة الرنين المغناطيسي للقلب أي مخاطر على المرضى بشكل متوسط</li>\r\n<li>يمكن أن يسبب التخدير الغير دقيق إذا تم استخدامه في أشعة الرنين المغناطيسي بعض المشاكل للمرضى</li>\r\n<li>بالرغم من أن المدى المغناطيسي لا يسبب أي ضرر, إلا أنه أحياناً يسبب بعض المشاكل أثناء الأشعة لوجود أجهزة طبية معدنية.</li>\r\n</ol>', NULL, '2018-12-04', 'bigstock-Mature-male-radiologic-technic-41046082.jpg', NULL),
(42, 'تأثير عادات النوم على صحة القلب', '<p>هل تعاني من اضطرابات أثناء النوم ؟ هل تنام عدد قليل من الساعات التي قد تجعلك مرهق أثناء يومك و غير قادر على التركيز ؟ أثبتت الدراسات الحديثة أن هناك علاقة بين&nbsp;عادات النوم وصحة القلب عدد ساعات النوم القليلة وهي دون الست ساعات و بين أمراض القلب حيث تم اجراء اكثر من 15 دراسة طبية على 475,000 شخص تبين من خلالها أن الأشخاص الذين ينامون قليلا معرضون لخطر الإصابة بأمراض&nbsp;القلب بنسبة 48% عن غيرهم وعلى النقيض فان الاشخاص الذين يحظون بتسع ساعات من النوم المتصل ليلا أو أكثر فإن فرص إصابتهم بأمراض القلب تقل بشكل كبير. و لكن كيف تؤثر قلة النوم على صحة القلب ؟</p>\r\n<p>&nbsp;</p>\r\n<h2><strong>تتبين الإجابة&nbsp;على هذا السؤال في عدة نقاط و منها</strong></h2>\r\n<ul>\r\n<li>يؤثر الأرق سلبا على صحة القلب و خاصة عند النساء حيث ترتفع لديهن نسبة بروتين &nbsp;Troponin T و هو مؤشر على تضرر القلب وهن معرضين أكثر لتضخم القلب وأمراضه كما تتسبب قلة النوم في زيادة إفراز الأنسولين في الدم لفترات طويلة مما يؤدي إلى الإصابة بالنوع الثاني من داء السكر.</li>\r\n<li>يؤكد الأطباء أن قلة النوم تؤثر على الشهية بشكل عام حيث يصبح الشخص أكثر تناولا للأغذية الغير صحية و على المدى الطويل يجعله . عرضة للأمراض و خاصة أمراض القلب.</li>\r\n<li>عندما&nbsp;يعاني الشخص من اضطرابات في النوم يصبح الجسم غير قادر على تنظيم وظائفه وتتباطأ ردود الأفعال و القدرة على التفكير في حلول المشكلات و طبقا لدراسة أعدت من قبل المنظمة العامة للسلامة المرورية في الولايات المتحدة الامريكية فان الاشخاص الذين ينامون اربع او خمس ساعات فقط ليلا تزيد فرص تعرضهم للحوادث المرورية بأربعة أضعاف عن هؤلاء الذين يأخذون قدر وافي من النوم.</li>\r\n</ul>\r\n<p>&nbsp;يتأثر مريض القلب بشكل كبير بقلة النوم حيث يفقد القلب قدرته على العمل بشكل سليم &nbsp;أو ضخ الدم بشكل منتظم لسائر الجسم فتظهر لديه عرض الخفقان القلبي وهو عدم انتظام ضربات القلب مع الشعور بالهبوط و الارهاق ولهذا يوصي الأطباء بضرورة المحافظة على الحد الأدنى من ساعات النوم و هى ثمان ساعات يستطيع الجسم خلالها تجديد نشاطه واستعادة حيويته.</p>\r\n<p>قد نسمع كثيرا عن الأشخاص الدين يعانون من الشخير أثناء النوم والذي يترتب عليه العديد من المشاكل حيث يصدر هذا الصوت نتيجة انسداد في مجرى الهواء بالأنف وعدم وصول قدر كافي من الاكسجين الى الجسم ويبدأ الجسم في إفراز هرمون الأدرينالين و بتكرار هذا الأمر خلال ايام متتالية تستمر معدلات هذا الهرمون بالجسم مرتفعة مما يؤدي الى ارتفاع ضغط الدم و الإصابة بالأمراض القلبية،&nbsp;وقد اثبتت الابحاث ان 83% من الأشخاص الذين يواجهون اضطرابات في النوم هم مرضى القلب ويقدر الباحثون أن اضطرابات النوم التي لا يتم علاجها تزيد من فرص خطر الموت بالسكتة القلبية وهذة هى العلاقة بين&nbsp;عادات النوم وصحة القلب&nbsp;</p>\r\n<p>&nbsp;</p>\r\n<ul>\r\n<li>\r\n<h3><strong>هناك بعض العادات الصحية للنوم التي يمكن للفرد اتباعها و منها</strong></h3>\r\n<p>1- الالتزام بميعاد محدد للنوم مما يساعد الجسم على تنظيم ساعته البيولوجية و الشعور بالنعاس في الوقت الذي اعتاد الخلود للنوم فيه.</p>\r\n<p>2- التريض بشكل منتظم حيث يساعد الجسم على التخلص من الشحنات السلبية والمحافظة على لياقته وقدرته على تنظيم وظائفه بكفاءة .</p>\r\n<p>3- التأكد من راحة المراتب و الوسائد المستخدمة لكي يشعر الجسم بالاسترخاء و سهولة النوم</p>\r\n<p>4- اذا كنت ممن يواجهون صعوبات أثناء النوم فعليك تجنب اخذ القيلولة و يجب الاعتماد على الذهاب للنوم مبكرا فاذا لم تستطع النوم بعد 20 دقيقة فعليك بالقيام باي نشاط يهدئ الاعصاب مثل الاستماع الى الموسيقى المفضلة او القراءة .</p>\r\n<p>5- تعتبر تهيئة غرفة النوم بحيث تكون مريحة ومظلمة بدرجة حرارة مناسبة للجسم سوف يجعلك اكثر قدرة عى الدخول في نوم عميق يستمر طوال الليل .</p>\r\n<p>6- تجنب شرب المنبهات مثل القهوة والكحوليات التي تجعل الجسم في حالة يقظة و تنبه خاصة عند شربها في وقت متأخر من اليوم او قبل النوم مباشرة.</p>\r\n</li>\r\n</ul>', NULL, '2018-12-05', '2albac.jpg', NULL),
(43, 'دليلك لتخفيض نسبة الكوليسترول الضار في الجسم', '<p>الكوليسترول هو عبارة عن مادة شمعية تتراكم على جدران الشرايين وتلعب دورا هاما في تكوين الهرمونات وفيتامين د وبعض المواد التي تساعد على الهضم وينتقل الكوليسترول عبر الجسم في مجموعات صغيرة تسمى (lipoproteins) و هي مكونة من دهون من الداخل و بروتينات من الخارج و هناك نوعين من&nbsp;نسبة الكوليسترول :</p>\r\n<p>&nbsp;</p>\r\n<p><strong>LDL</strong></p>\r\n<p>و هو يسمى بالكوليسترول الضار ويساعد في بناء الخلايا و لكن عندما يزيد عن المعدل الطبيعي يتراكم على جدار الشرايين ويؤدي إلى ضيقها &nbsp;وتصلبها علي المدى الطويل</p>\r\n<p>&nbsp;<strong>HDL</strong>&nbsp;&nbsp;</p>\r\n<p>وهو يسمى بالكوليسترول النافع و يحمي الجسم من أمراض القلب عن طريق ارسال الكوليسترول الضار للكبد ليتم التخلص منه و يجب الاهتمام بتحقيق التوازن في نسب مستويات الكولسترول الضار و النافع والدهون الثلاثية بحيث لا تتعدى 200 مليغرام /ديسيلتر بالجسم&nbsp;</p>\r\n<h2><strong>بعض الارشادات والعادات الصحية للتحكم في نسبة الكوليسترول و منها :</strong></h2>\r\n<ul>\r\n<li>\r\n<h3><strong>مراعاة اتباع نظام غذائي صحي</strong></h3>\r\n</li>\r\n</ul>\r\n<p>يعتبر التحكم في نسبة الكوليسترول الضار في الجسم من الأشياء التي يجب أن يحققها مريض القلب من خلال اتباع&nbsp;<a href="http://www.2albak.com/رجيم-غذائي-لمرضى-القلب/" target="_blank" rel="noopener">نظام غذائي صحي</a>&nbsp;يعتمد على تناول الأغذية منخفضة الدهون المشبعة &nbsp;فيجب تحديدها لتصل إلى 5 أو 6 بالمائة من إجمالي السعرات الحرارية المستهلكة يوميا و استبدالها بـ الأغذية ذات الدهون المفيدة التي توجد في المكسرات و زيت الزيتون و الأفوكادو و سمك السالمون و الزيت الحار كما يفضل الابتعاد عن الأغذية المقلية والاقلال من تناول اللحوم الحمراء والاعتماد على اللحوم البيضاء مثل الأسماك و الدواجن والإكثار من الأغذية الغنية بالألياف فهي تستطيع الاقلال من نسبة الكوليسترول الضار &nbsp;بالجسم بنسبة 10 بالمائة وكذلك الاعتماد على الخضراوات والفاكهة &nbsp;في النظام الغذائي اليومي بالاضافة الى اختيار منتجات الألبان قليلة أو منزوعة الدسم مع التقليل من تناول السكريات والمشروبات الغازية و استخدام الزيوت الصحية في الطعام &nbsp;و تجنب الأغذية المحفوظة والوجبات السريعة.</p>\r\n<ul>\r\n<li>\r\n<h3><strong>الاهتمام بممارسة الرياضة</strong></h3>\r\n</li>\r\n</ul>\r\n<p>تمثل الرياضة عنصرا هاما في الحفاظ على الصحة بشكل عام فمجرد القيام ببعض التمارين الرياضية لمدة 40 دقيقة لمدة ثلاث او أربع مرات بالاسبوع تقلل من نسبة الكوليسترول الضار بالجسم و ضغط الدم المرتفع كما تساعد رياضة السباحة أو المشي أو ركوب الدراجات أو حتى الرقص في الوقاية من الأمراض المختلفة و خاصة الأمراض القلبية.</p>\r\n<ul>\r\n<li>\r\n<h3><strong>الإقلاع عن التدخين</strong></h3>\r\n</li>\r\n</ul>\r\n<p>يأتي التدخين في مقدمة الأشياء التي تساعد بل و تسرع من الإصابة بأمراض شتى و خاصة أمراض القلب و الشرايين و التخلص من هذه العادة السيئة لتجنب الدخول في صراعات مع الامراض و تقيك من شرورها .</p>\r\n<ul>\r\n<li>\r\n<h3><strong>الإقلال من الوزن</strong></h3>\r\n</li>\r\n</ul>\r\n<p>إذا كنت ممن يعانون من السمنة أو زيادة في الوزن عن المعدل الطبيعي فيجب الانتباه و ضرورة المتابعة مع الطبيب المختص لفقد هذه الكيلوات بشكل آمن و صحي و ستلاحظ انخفاض في مستويات الكوليسترول الضار بالجسم و تحسن في الحالة الصحية بشكل إجمالي .</p>\r\n<h4><strong>العلاج الدوائي</strong></h4>\r\n<p>تساعد العقاقير المختلفة في الاقلال من نسبة الكوليسترول في الدم فهناك أدوية ال(&nbsp;<a href="https://en.wikipedia.org/wiki/Statin" target="_blank" rel="noopener">statins</a>&nbsp;) و هى تخفض نسبة الكوليسترول المنخفض الكثافة(LDL) بنسبة 40 بالمائة و هناك ايضا عقاقير تعمل على حجب امتصاص الكوليسترول في الامعاء الدقيقة و كذلك الادوية التي تسمى&nbsp;<strong>&nbsp;</strong>PCSK9 Inhibitors&nbsp;و هي تستخدم&nbsp;من قبل الأشخاص التي لا تستطيع تنظيم نسبة الكوليسترول بالجسم عن طريق اتباع نظام غذائي صحي أو عن طريق أدوية ال(statins) و هي تعمل على حجب بروتين&nbsp;<strong>PCSK9&nbsp;</strong>لتيسير عملية التخلص من الكوليسترول الضار بالجسم.</p>', NULL, '2018-12-06', 'colestrol.jpg', 1),
(44, 'الغذاء الصحي لمرضى القلب – التغذية الصحية لمريض القلب', '<p dir="rtl">قد يكون ثمة أغذية مفيدة لمرضى القلب, وأغذية أخرى ضارة لمرضى القلب, إلا أن النظام الغذائي الصحي لمرضى القلب يعتمد على تغيير العادات الغذائية التي يتبعها مريض القلب والتي أدت لإصابته بمرض القلب في النهاية.</p>\r\n<p dir="rtl">وتقول &ldquo;جوليا زومبانو&rdquo; أخصائية التغذية في مركز وقاية القلب في عيادة<span id="more-1232"></span>&nbsp;كليفلاند بالولايات المتحدة أنه يمكن تقليل خطر الإصابة بأمراض القلب والأوعية الدموية من خلال تناول الاغذية الطازجة الغنية بمضادات الأكسدة. وتدعو زومبانو بأكل جميع الأغذية طازجة لأنها ترى أن هذه هي الأغذية الصحية لمرضى القلب والوقاية كذلك من أمراض القلب.</p>\r\n<p dir="rtl">&nbsp;</p>\r\n<p dir="rtl">وترى &ldquo;سوزان فاريل&rdquo; المتحدثة باسم جمعية التغذية الأمريكية أنه ليس هناك أغذية سحرية يمكن أن تقلل من خطر أمراض القلب, ولكن اتباع نظام غذائي صحي سليم متنوع الأغذية الصحية هو ما يقود إلى قلب صحي. وتؤكد على أن الإنسان بحاجة إلى التوازن في غذاءه للحصول على كل ما يكفيه من العناصر الغذائية المختلفة.</p>\r\n<p dir="rtl">وفي تقرير أعده موقع &ldquo;مايو كلينك&rdquo;, وضع الخبراء بعض النصائح الغذائية لمرضى القلب التي يمكن أن تساهم في علاج وتقليل مخاطر أمراض القلب والأوعية الدموية.</p>\r\n<h2 dir="rtl"><strong>نصائح لاتباع نظام غذائي صحي لمرضى القلب</strong></h2>\r\n<dl>\r\n<dt>\r\n<h3><strong>1- التحكم في حجم الوجبة</strong></h3>\r\n</dt>\r\n<dt></dt>\r\n<dd>&ndash;&nbsp;يعتبر حجم الوجبة له أهمية مماثلة لتلك الأهمية التي يجب أن يوليها مريض القلب لنوعية غذاءه. فمن أسوأ العادات في غذاء مريض القلب, هو الأكل بكميات كبيرة تؤدي إلى زيادة الكمية المستهلكة من السعرات الحرارية والدهون والكولسترول. وينبغي على مريض القلب الذي يرغب في اتباع نظام غذائي صحي, الابتعاد عن الأكل في المطاعم حيث أن الوجبات في هذه المطاعم تكون كبيرة الحجم. وينبغي قياس حجم الوجبات وكمياتها وحساب السعرات الحرارية التي تأكلها في اليوم حتى لا تأكل أكثر مما يحتاج جسمك.</dd>\r\n<dd></dd>\r\n<dt>\r\n<h3><strong>2- أكل المزيد من الفواكه والخضروات</strong></h3>\r\n</dt>\r\n<dd>\r\n<p>&ndash; تعتبر الفواكه والخضروات الطازجة أحد أهم الاغذية الصحية لمريض القلب, فهي اغذية غنية جداً بالمعادن والفيتامينات, كما أنها اغذية لمرضى القلب مفيدة للغاية بسبب انخفاض سعراتها الحرارية ومحتواها المرتفع من الألياف الغذائية. وهذا يجعلها اغذية مفيدة لمرضى القلب, وأكل المزيد من الفواكه والخضروات يساهم في تقليل الكميات التي يأكلها مريض القلب من الأغذية الأخرى المضرة لمريض القلب والغنية بالدهون الضارة مثل اللحوم والجبن والأغذية الخفيفة عالية الدهون. وتعد الفاكهة والخضروات أغذية صحية لمريض القلب بسبب أنها تساعد في خفض الكولسترول في الدم, كما أنها تخفض من نسبة السكر وضغط الدم وهي عوامل مرتبطة بمرض القلب.</p>\r\n<p>ويمكن أكل المزيد من الخضروات والفاكهة عن طريق وضع الفاكهة والخضروات المغسولة في الثلاجة أو خارجها مغطاة حتى لا يلحقها التلوث. وثمة فواكه وخضرات يفضل لمريض القلب الابتعاد عنها لاحتمالية تسببها في اضرار صحية مثل جوز الهند والخضروات المغطاة بالصوص. والفواكه المعلبة الغنية بالسكر, وأيضاً الفواكه المجففة المضاف إليها السكر.</p>\r\n</dd>\r\n<dt>\r\n<h3><strong>3- أكل المزيد من الحبوب الكاملة</strong></h3>\r\n</dt>\r\n<dd>\r\n<p>&ndash; تعد الحبوب الكاملة أحد أهم الاكلات المفيدة لمرضى القلب, فهي مصدر هام من مصادر الألياف والعديد من المركبات الغذائية الأخرى التي تلعب دوراً هاماً في تنظيم الضغط والعوامل المرتبطة بصحة القلب. وغذاء مريض القلب المحتوى على الحبوب الكاملة يمكن أن يضيف فوائد كبيرة لصحة القلب. ومن أهم الحبوب الكاملة المفيدة كغذاء لمريض القلب, الشوفان الذي يحتوي على الألياف الذائبة وأيضاً الأرز البني والشعير وحبوب الكينوا, إلى جانب حبوب القمح الكاملة (البليلة) وأيضاً حبوب أو بذور الكتان الغنية جداً بأحماض أوميجا-3 صديقة مرضى القلب.</p>\r\n<p>بينما يفضل الابتعاد عن الأغذية المصنوعة من الحبوب المكررة مثل الخبز الأبيض والحلويات المصنوعة من الدقيق الأبيض مثل الكيك والبسبوسة.</p>\r\n</dd>\r\n<dt>\r\n<h3><strong>4- الحد من الدهون الضارة والكولسترول في الغذاء</strong></h3>\r\n</dt>\r\n<dd>\r\n<p>&ndash; غذاء مريض القلب الصحي يجب أن يحتوي على كميات قليلة جداً من الدهون المشبعة والكولسترول من أجل خفض خطر زيادة الدهون والكولسترول في الدم التي تقود إلى الإصابة بأمراض القلب التاجية. ويؤدي تراكم الكولسترول في الدم إلى احداث ترسبات على جدران الأوعية الدموية مما قد يسبب تصلب الشرايين ومن ثم الإصابة بجلطة القلب أو النوبة القلبية.</p>\r\n<p>وتوصي جمعية القلب الأمريكية باتباع هذه الارشادات للحصول على غذاء صحي للقلب من خلال الدهون</p>\r\n<table class=" aligncenter" dir="rtl">\r\n<tbody>\r\n<tr>\r\n<td width="91"><strong>نوع الدهن</strong></td>\r\n<td width="499"><strong>التوصية</strong></td>\r\n</tr>\r\n<tr>\r\n<td width="91">الدهون المشبعة</td>\r\n<td width="499">يجب أن تكون أقل من 7% من إجمالي السعرات الحرارية التي يستهلكها الجسم يومياً أو أقل من 14% إذا كنت تتبع نظام رجيم غذائي 2000 سعر حراري</td>\r\n</tr>\r\n<tr>\r\n<td width="91">الدهون المحولة</td>\r\n<td width="499">يجب عدم تناول الدهون المحولة أكثر من 1% من الكمية المستهلكة من السعرات الحرارية. أو أقل من 2% إذا كنت تتبع نظام رجيم 2000 سعر حراري</td>\r\n</tr>\r\n<tr>\r\n<td width="91">الكولسترول</td>\r\n<td width="499">ينصح بالحصول على أقل من 300 مجم من الكولسترول يومياً بالنسبة للأشخاص الأصحاء. بينما الأشخاص الذين يعانون من مشاكل في ارتفاع الكولسترول في الدم يجب عليهم عدم زيادة نسبة الكولسترول يومياً عن 200 مجم</td>\r\n</tr>\r\n</tbody>\r\n</table>\r\n<p>وينصح لخفض معدل الدهون الضارة المستهلكة, الابتعاد عن الاكلات الغنية بالزبد والمارجرين والدهون النباتية والدهون الحيوانية. ويفضل استبدالها بالزيوت النباتية الصحية مثل زيت الزيتون وزيت السمسم وغيرها من الزيوت النباتية المفيدة لصحة القلب.</p>\r\n</dd>\r\n<dt>\r\n<h3><strong>5- الحد من البروتينات الغنية بالدهون</strong></h3>\r\n</dt>\r\n<dd>\r\n<p>&ndash; الأغذية البروتينية الغنية بالدهون هي أسوأ الأغذية لمريض القلب مثل منتجات الجبن كاملة الدسم واللبن كامل الدهون. وأيضأً الدهون الحمراء الغنية بالدهون والدواجن المحتوية على الدهون مثل الأوز والبط واللحوم الباردة الجاهزة. وأيضاً الحد من أكل صفار البيض ولحوم أعضاء الحيوانات مثل الكبدة.</p>\r\n<p>وينصح لغذاء مريض القلب أن يحتوي على البروتينات منخفضة الدهون مثل الأسماك والدواجن منخفضة الدسم وبياض البيض ومنتجات الألبان قليلة الدهون.</p>\r\n<p>وتعتبر الأسماك الدهنية من أفضل مصادر البروتينات والدهون الغذائية في غذاء مرضى القلب حيث أنها غنية بأحماض أوميجا-3 الدهنية وهي دهون مفيدة جداً لصحة مرضى القلب.</p>\r\n<p>وأيضاً من أهم الاغذية البروتينية المفيدة لمرضى القلب, البقوليات مثل الفاصوليا والعدس والبازلاء لأنها مصدر جيد للبروتين ولا تحتوي على الكولسترول, بالإضافة إلى انها غنية بالألياف الغذائية.</p>\r\n</dd>\r\n<dt>\r\n<h3><strong>6- الحد من الصوديوم في الطعام</strong></h3>\r\n</dt>\r\n<dd>\r\n<p>&ndash; غذاء مريض القلب يجب أن لا يحتوي على الكثير من الصوديوم حيث يقود إلى ارتفاع ضغط الدم وهو أحد عوامل الخطر لمريض القلب. وتنصح وزارة الزراعة الأمريكية بأن لا تزيد كمية الصوديوم المستهلكة يومياً عن ملعقة صغيرة من الملح بالنسبة للأصحاء, بينما لمرضى الضغط والقلب لا تزيد عن ثلاثة أرباع ملعقة.</p>\r\n<p>واتباع هذه النصائح الغذائية لمريض القلب يساعد في الحفاظ وتحسين صحة القلب من خلال بعض الأغذية المفيدة لمريض القلب. بالإضافة إلى الابتعاد عن بعض الأغذية الأخرى الضارة لمريض القلب.</p>\r\n</dd>\r\n</dl>', NULL, '2018-12-08', 'bigstock-fresh-crusty-bread-for-a-healt-54446219.jpg', 1);
INSERT INTO `articles` (`id`, `title`, `body`, `author_id`, `created_date`, `image`, `reading`) VALUES
(45, '8 اكلات تقوي عضلة القلب وتحمي من أمراض القلب', '<p>هناك بعض الاكلات تقوي القلب وتحسن من عمله لوجود بعض العناصر الغذائية الهامة لصحة القلب والأوعية الدموية. والاكلات التي تقوي القلب هي الأغذية التي تحتوي على الألياف والماغنيسيوم والأحماض الدهنية الصحية, بالإضافة إلى خفض تناول بعض العناصر الغير صحية للقلب مثل الملح والدهون&nbsp;<span id="more-2118"></span>المحولة والمشبعة. وأثبتت الدراسات العلمية أن بعض الاكلات تساعد في تقوية القلب وتحسين صحته. وفي الأسفل قائمة بها أفضل الاكلات التي تقوي القلب وتساعد في خفض مخاطر الإصابة بأمراض القلب.</p>\r\n<h1>اكلات تقوي القلب</h1>\r\n<h2>1- الزبادي</h2>\r\n<p><img class="aligncenter wp-image-2120" src="http://www.2albak.com/wp-content/uploads/زبادي-به-قلب-وفراولة-480x339.jpg" alt="الزبادي من الاكلات المقوية لعضلة القلب" width="350" height="248" /></p>\r\n<p>&nbsp;</p>\r\n<p>أظهرت دراسة حديثة أن تناول الزبادي يحمي من أمراض اللثة. وتؤدي أمراض اللثة إلى زيادة مخاطر الإصابة بأمراض القلب. ووجد العلماء اليابانيون أن الأشخاص الذين يأكلون الزبادي يومياً قد انخفضت لديهم مخاطر الإصابة بأمراض اللثة التي تقود إلى أمراض القلب. وأشار العلماء إلى أن السبب يعود إلى البكتريا النافعة الموجودة في الزبادي التي تحمي من أضرار البكتريا الضارة. ومن بين فوائد البكتريا النافعة الموجودة في الزبادي إلى جانب الوقاية من أمراض اللثة وأمراض القلب, زيادة المناعة وتحسين الهضم وهي عوامل تؤدي في النهاية إلى زيادة الصحة العامة للجسم.</p>\r\n<h2>2- الزبيب</h2>\r\n<p>وجدت الدراسات الحديثة أن مضادات الأكسدة الموجودة في الزبيب يحارب نمو أحد أنواع البكتريا الضارة في الجسم التي تسبب الالتهابات وأمراض اللثة. وترتفع مخاطر الإصابة بأمراض القلب إلى الضعف عند وجود أمراض باللثة.</p>\r\n<h2>3- الحبوب الكاملة</h2>\r\n<p>أكل الحبوب الكاملة يمكن أن يحمي من&nbsp;<a title="ماهي أمراض القلب الشراينية وعلاجها واعراضها والوقاية منها" href="http://www.2albak.com/ماهي-أمراض-القلب-الشرايين-واعراضها/">أمراض القلب والشرايين</a>&nbsp;لاحتوائها على مضادات الأكسدة. والحبوب الكاملة أيضاً مثل الأرز البني والشوفان والبليلة والفريك غنية بالألياف. ووجود الألياف بشكل كبير في الاكل يساعد في تقليل مخاطر أمراض القلب 40%. ووجد أن تناول المزيد من الألياف في الطعام يقلل خطر ارتفاع الكولسترول الضار في الدم.</p>\r\n<h2>4- السلمون</h2>\r\n<p><img class="aligncenter wp-image-2119" src="http://www.2albak.com/wp-content/uploads/سلمون-مشوي-على-شكل-قلب-480x319.jpg" alt="السلمون من الاكلات المقوية لعضلة القلب" width="350" height="234" /></p>\r\n<p>تناول السمك مرتين أو أكثر في الأسبوع يمكن أن يقلل خطر ارتفاع أمراض القلب 30%. ويعتبر السلمون من الأسماك التي تساعد في خفض أمراض القلب وتقوي القلب, فهو غني بالأحماض الدهنية الصحية مثل أحماض أوميجا-3 المعروفة في محاربة الالتهابات وخفض ضغط الدم وتساعد في تنظيم ضربات القلب.</p>\r\n<h2>5- الطماطم</h2>\r\n<p>الطماطم من الاكلات المفيدة لتقوية القلب, فهي غنية بفيتامين ج وفيتامين أ والبوتاسيوم والألياف. وهي أيضاً غنية بمضادات الأكسدة الليكوبين والتي أكدت الدراسات قدرتها على الوقاية من الأمراض. وأظهرت الدراسات أن تناول الطماطم لاسيما المطهوة يمكن أن يقلل من خطر الإصابة بالأمراض بشكل عام وبأمراض القلب بشكل خاص.</p>\r\n<h2>6- التفاح</h2>\r\n<p><img class="aligncenter wp-image-2123" src="http://www.2albak.com/wp-content/uploads/3-تفاحات-لها-اشكال-قلوب-480x267.jpg" sizes="(max-width: 350px) 100vw, 350px" srcset="http://www.2albak.com/wp-content/uploads/3-تفاحات-لها-اشكال-قلوب-480x267.jpg 480w, http://www.2albak.com/wp-content/uploads/3-تفاحات-لها-اشكال-قلوب.jpg 800w" alt="التفاح من الاغذية المقوية لعضلة القلب" width="350" height="195" /></p>\r\n<p>التفاح عامة من الأكلات التي تعمل على تقليل خطر الأمراض. ووجدت الدراسات الحديثة أن التفاح من الاكلات التي تساعد في خفض خطر الإصابة بأمراض القلب والأوعية الدموية. ويحتوي التفاح على مضادات أكسدة قوية مثل الكيرستين والإيبكاتشين والإيبيجلاكتشين. وتلعب هذه المركبات دوراً هاماً في خفض ارتفاع الكولسترول السيء في الدم الذي يتكتل على جدران الأوعية الدموية مسببا تصلب الشرايين وحدوث&nbsp;<a title="ما هي النوبة القلبية – جلطة القلب – اعراض النوبة القلبية" href="http://www.2albak.com/جلطة-القلب-اعراض-النوبة-القلبية/" target="_blank" rel="noopener">جلطة القلب</a>. ويحتوي التفاح أيضاً على الألياف الذائبة التي تقلل الكولسترول.</p>\r\n<h2>7- الرمان</h2>\r\n<p><img class="aligncenter wp-image-2121" src="http://www.2albak.com/wp-content/uploads/طبق-به-رمان-مرسوم-به-قلب-480x319.jpg" sizes="(max-width: 350px) 100vw, 350px" srcset="http://www.2albak.com/wp-content/uploads/طبق-به-رمان-مرسوم-به-قلب-480x319.jpg 480w, http://www.2albak.com/wp-content/uploads/طبق-به-رمان-مرسوم-به-قلب-300x200.jpg 300w, http://www.2albak.com/wp-content/uploads/طبق-به-رمان-مرسوم-به-قلب.jpg 800w" alt="Pomegranates On A Wooden Tray" width="350" height="233" /></p>\r\n<p>أظهرت الدراسات أن الرمان هو أحد أكثر الأغذية احتواءً على مضادات الاكسدة حيث يساعد في خفض مخاطر الإصابة بتصلب الشرايين وارتفاع ضغط الدم. كما أن الرمان غني أيضاً بالألياف التي تحمي من ارتفاع الكولسترول في الدم.</p>\r\n<h2>8- الموز</h2>\r\n<p>تحتوي الموزة الواحدة على 442 مجم بوتاسيوم وهي حوالي 12% من الاحتياج اليومي من هذا العنصر. والبوتاسيوم يساعد في تنظيم عمل وظائف القلب ويحفز الكلى على التخلص من الصوديوم الزائد في الجسم مما يؤدي إلى خفض ضغط الدم. ويؤدي خفض ضغط الدم إلى خفض مخاطر الإصابة بأمراض القلب والأوعية الدموية بشكل عام. إلى جانب أن الموز يحتوي على الألياف التي تقلل الكولسترول الضار في الدم.</p>\r\n<p>كانت هذه 8&nbsp;<strong>أكلات تقوي القلب</strong>. وهناك العديد من الأغذية الصحية الأخرى التي تساعد في تقوية القلب وخفض أمراض القلب.</p>', NULL, '2018-12-08', 'fruits.jpg', 1),
(46, 'اعراض ضيق الشرايين التاجية وتشخيصها', '<p>القلب عبارة مضخة عضلية للدم حيث يقوم بنقل نحو 11,350 لتر من الدم يوميا في كل أجزاء الجسم. ويحتاج القلب إلى امداد دائم بالدم لكي يعمل بشكل سليم&nbsp;حيث يحصل القلب على كفايته من الدم من خلال الشرايين التاجية. وحينما يحدث ضيق في هذه الشرايين التاجية، فإن القلب لا يحصل على إمداداته اللازمة&nbsp;<span id="more-3123"></span>من الدم ومن ثم لا يعمل القلب بكفاءة.</p>\r\n<h2><strong>اعراض ضيق الشرايين</strong></h2>\r\n<p>يبدأ ضيق الشرايين في مراحل مبكرة من العمر حيث تتراكم بعض الرواسب على جدران الشرايين وهذه الرواسب تؤدي إلى ضيق الشرايين في مراحل لاحقة من العمر. وبحدوث ضيق الشرايين وقلة الدم الواصل إلى القلب, تحدث بعض الاعراض نتيجة الإصابة بضيق الشرايين.</p>\r\n<p><img class="aligncenter size-full wp-image-3125" src="http://www.2albak.com/wp-content/uploads/اعراض-ضيق-الشرايين-التاجية.gif" alt="اعراض ضيق الشرايين التاجية" width="318" height="279" /></p>\r\n<p>أهم اعراض ضيق الشرايين التاجية</p>\r\n<p>وتعتمد اعراض ضيق الشرايين على شدة المرض, حيث لا تحدث اعراض عند بعض المرضى والبعض الآخر تحدث لديهم بعض الاعراض الخفيفة والمتوسطة مثل آلام الصدر. وإذا حدث نقص شديد في الدم الواصل إلى القلب، يصاب المريض بالذبحة الصدرية. بينما إذا لم يصل الدم تماماً، أصيب المريض&nbsp;<a href="http://www.2albak.com/اعراض-جلطة-القلب/">بالجلطة القلبية</a>. وهنا سنذكر اهم اعراض ضيق الشرايين وهي كالتالي:</p>\r\n<ul>\r\n<li>ضيق التنفس</li>\r\n<li>الاحساس بألم في الصدر</li>\r\n<li>الاحساس باعتصار الصدر</li>\r\n<li>التعب والاجهاد</li>\r\n<li>الاحساس بالألم في الرقبة</li>\r\n<li>عدم انتظام أو سرعة ضربات القلب</li>\r\n<li>الذبحة الصدرية</li>\r\n<li>التعرق</li>\r\n<li>رفرفة القلب</li>\r\n<li>الغثيان</li>\r\n</ul>\r\n<h3><strong>كيف يمكن تشخيص أعراض ضيق الشرايين؟</strong></h3>\r\n<p>بعد التعرف على اعراض ضيق الشرايين الأولية ومعرفة التاريخ المرضي ومعدل النشاط اليومي، يبدأ الطبيب في اللجوء إلى بعض التشخيصات التي تحدد أسباب ضيق الشرايين مثل:</p>\r\n<ul>\r\n<li><strong>رسم القلب.</strong>&nbsp;حيث يقيس&nbsp;<a href="http://www.2albak.com/رسم-القلب-وتخطيط-القلب-الكهربي-ekg/">رسم القلب</a>&nbsp;نشاط القلب الكهربي ويظهر رسم القلب وجود عدم انتظام ضربات القلب وأيضاً وجود تلف في عضلة القلب.</li>\r\n<li><strong>رسم القلب بالمجهود.</strong>&nbsp;<a href="http://www.2albak.com/رسم-القلب-بالمجهود/">رسم القلب بالمجهود</a>&nbsp;عبارة عن فحص يقوم فيه المريض بالسير على عجلة أو مشاية رياضية وقياس رسم القلب وضغط الدم في نفس الوقت، حيث يشخص رسم القلب بالمجهود وجود أي مشاكل في الشرايين التاجية.</li>\r\n<li><strong>القسطرة التشخيصية.</strong>&nbsp;يتم في&nbsp;<a href="http://www.2albak.com/القسطرة-القلبية-التشخيصية-ومخاطرها/">القسطرة التشخيصية</a>&nbsp;ادخال أنبوب رفيع إلى الشرايين لفحص وجود ضيق في الشرايين التاجية والفحص بواسطة الأشعة السينية.</li>\r\n<li><strong>الإيكو.</strong>&nbsp;الفحص بالموجات فوق الصوتية للقلب أو الإيكو أحد الوسائل في تشخيص ضيق الشرايين التاجية حيث تقيس مدى تدفق الدم إلى عضلة القلب.</li>\r\n<li><strong>الرنين المغناطيسي.</strong>&nbsp;<a href="http://www.2albak.com/مزايا-اشعة-الرنين-المغناطيسي-للقلب/">الرنين المغناطيسي للقلب</a>&nbsp;وسيلة فحص حديثة تستخدم فيها الموجات المغناطيسية لتوليد صورة لعضلة القلب وتشخيص ضيق الشرايين التاجية. ويعد الرنين المغناطيسي أكثر وسائل تشخيص القلب أماناً ودقة وهناك بعض التقنيات الحديثة التي تعطي صوراً عالية الدقة للقلب وتتم في وقت قصير مثل تقنية Diagnosoft.</li>\r\n</ul>', NULL, '2018-12-09', 'ill.jpg', NULL),
(47, 'طرق الوقاية من تصلب الشرايين', '<p>يبدأ مرض تصلب الشرايين مبكراً ويتطور عبر فترات مختلفة من الحياة. هذا التطور لن تلمسه وقتما يحدث, حيث يحدث ترسب للألواح الدهنية في الشرايين مع مرور عدة سنوات حتى تصبح هذه الألواح الدهنية قادرة على منع الدم على العبور نحو القلب. وحينما يحدث الانسداد في الشرايين التاجية, يمكن أن يصاب الإنسان&nbsp;<a title="ما هي النوبة القلبية – جلطة القلب – اعراض النوبة القلبية" href="http://www.2albak.com/جلطة-القلب-اعراض-النوبة-القلبية/">بجلطة القلب</a>&nbsp;أو بالسكتة الدماغية.<span id="more-3043"></span></p>\r\n<p>وكما أن مرض تصلب الشرايين يبدأ مبكراً, فإن الوقاية من تصلب الشرايين يبدأ مبكراً أيضاً. وتفيد الوقاية من تصلب الشرايين مبكراً في تجنب أضراره فيما بعد. لكن ليس شرطاً فقط أن يبدأ الإنسان في سن صغيرة حتى يقي نفسه من تصلب الشرايين, لكن يستطيع أيضاً أي شخص في أي مرحلة عمرية من البدء في الوقاية وخفض خطر الإصابة بمرض تصلب الشرايين.</p>\r\n<h2><strong>الوقاية من تصلب الشرايين عامة</strong></h2>\r\n<ol>\r\n<li>الاقلاع عن التدخين</li>\r\n<li>اتباع نظام غذائي صحي</li>\r\n<li>ممارسة الرياضة بانتظام</li>\r\n<li>الحفاظ على وزن الجسم</li>\r\n<li>الفحص الدوري للصحة</li>\r\n</ol>\r\n<h3><strong>الوقاية من تصلب الشرايين في العشرينات والثلاثينات</strong></h3>\r\n<p>غالباً لا تحدث مضاعفات نتيجة تطور مرض تصلب الشرايين في هذا العمر. لكن يمكن أن يبدأ تطور مرض تصلب الشرايين في العشرينات من العمر نتيجة الإصابة ببعض عوامل الخطر مثل السمنة وارتفاع ضغط الدم والكولسترول أو التدخين.</p>\r\n<p>وتنصح جمعية القلب الأمريكية بأن يبدأ الإنسان في متابعة مخاطر أمراض القلب مع سن العشرين. ويمكن تقليل مخاطر أمراض القلب والوقاية من تصلب الشرايين عن طريق اتباع بعض الأمور التي تقلل منها مثل:</p>\r\n<ul>\r\n<li><strong>ممارسة الرياضة بانتظام.</strong>&nbsp;تساعد ممارسة الرياضة بانتظام على تقليل معدل خطر الإصابة بتصلب الشرايين. كما تساعد الرياضة على الاعتياد على ممارستها مع تقدم العمر ومع تزايد خطر أمراض القلب.</li>\r\n<li><strong>اتباع نظام غذائي صحي.</strong>&nbsp;يمكن الوقاية من تصلب الشرايين عن طريق الحرص على الغذاء الصحي مثل تناول 5 ثمرات طازجة من الخضروات والفاكهة يومياً. والحرص على الابتعاد عن الغذاء الغير صحي الغني بالدهون المشبعة والمحولة.</li>\r\n</ul>\r\n<h3><strong>الوقاية من تصلب الشرايين في الأربعينات والخمسينات</strong></h3>\r\n<p>تتزايد مخاطر الإصابة بأمراض القلب وتصلب الشرايين في منتصف العمر. ويمكن خفض هذه المخاطر عن طريق تقليل عوامل الخطر للإصابة بمرض تصلب الشرايين.</p>\r\n<p><strong>علاج عوامل الخطر طبيعياً.</strong>&nbsp;يمكن علاج عوامل الخطر للإصابة بأمراض القلب والأوعية الدموية وهي:</p>\r\n<ul>\r\n<li>ضغط الدم</li>\r\n<li>الكولسترول</li>\r\n<li>السمنة</li>\r\n<li>التدخين</li>\r\n</ul>\r\n<p><strong>ممارسة الرياضة بانتظام.</strong>&nbsp;تساعد ممارسة الرياضة بانتظام على تقليل عوامل الخطر لتصلب الشرايين, ويمكن اتباع برنامج سهل لممارسة الرياضة كالتالي:</p>\r\n<ul>\r\n<li>ممارسة تدريبات الصباح نصف ساعة يومياً</li>\r\n<li>صعود وهبوط السلالم بدلاً من استخدام المصاعد</li>\r\n<li>اترك سيارتك بعيداً عن السوبر ماركت لتمش مسافة اطول</li>\r\n<li>السير لفترة حول المنزل قبل الصعود</li>\r\n</ul>\r\n<p><strong>اتباع نظام غذائي صحي.</strong>&nbsp;يمكن اتباع نظام غذائي صحي عن طريق تناول الأكل الصحي مثل الخضروات والفواكه الطازجة. ويمكن ذلك عن طريق اتباع بعض النصائح الغذائية مثل:</p>\r\n<ul>\r\n<li>اضافة طبق كبير من السلطة الخضراء إلى الطعام</li>\r\n<li>تقطيع اللحوم الخالية الدهن إلى قطع صغيرة وتناول كمية قليلة جداً</li>\r\n<li>استخدام التوابل بدلاً من الملح</li>\r\n<li>استخدام الزيوت النباتية مثل زيت الزيتون ودوار الشمس بدلاً من السمن</li>\r\n</ul>\r\n<h3><strong>الوقاية من تصلب الشرايين لكبار السن</strong></h3>\r\n<p>بعد تخطي الستين من العمر, فإن مخاطر تصلب الشرايين تبدأ في الزيادة. ولذلك فإن طرق الوقاية من تصلب الشرايين عند كبار السن قد تختلف من الشباب أو في منتصف العمر. حيث يمكن الوقاية من تصلب الشرايين عند كبار السن كالتالي:</p>\r\n<ul>\r\n<li><strong>الوقاية من عوامل الخطر.</strong>&nbsp;أغلب الناس في هذا العمر يحتاجون إلى الأدوية التي تعالح ارتفاع ضغط الدم والكولسترول. وتختلف الأدوية من شخص إلى آخر, إلا أن هذه الأدوية تساعد على خفض الكولسترول وارتفاع الضغط بشكل كبير.</li>\r\n<li><strong>ممارسة الرياضة.</strong>&nbsp;ممارسة الرياضة بانتظام لها تأثير كبير عند كار السن أكثر مما مضي من حياتهم. ولست بحاجة إلى ممارسة الرياضة بعنف كما يفعل الشباب, إلا أنه يكفيك المشي وصعود السلالم بدلاً من المصاعد.</li>\r\n</ul>', NULL, '2018-12-09', 's.jpg', NULL),
(48, 'الأكل خارج البيت يتسبب في ارتفاع ضغط الدم', '<p>في دراسة هي الأولى من نوعها, وجد العلماء رابطاً قوياً بين الأكل خارج المنزل وزيادة مخاطر الإصابة بارتفاع ضغط الدم. ويعد ارتفاع ضغط الدم أحد العوامل الرئيسة في الإصابة بأمراض القلب والأوعية الدموية والتي تؤدي إلى الوفاة. ويؤدي ارتفاع ضغط الدم إلى صعوبة ضخ القلب للدم, حيث&nbsp;<span id="more-3050"></span>ينتج عن ذلك الإصابة&nbsp;<a title="ضعف عضلة القلب, انواعها واسبابها والعلاج" href="http://www.2albak.com/اسباب-وعلاج-ضعف-عضلة-القلب/">بفشل القلب</a>&nbsp;و<a title="ما هي النوبة القلبية – جلطة القلب – اعراض النوبة القلبية" href="http://www.2albak.com/جلطة-القلب-اعراض-النوبة-القلبية/">الجلطات القلبية</a>. كما أن الأشخاص الذين يعانون من ارتفاع ضغط الدم, تزداد مخاطر إصابتهم بالفشل الكلوي وتمدد الأوعية الدموية والسكتات الدماغية.</p>\r\n<p>ويعاني نحو 70 مليون بالغ في أمريكا من ارتفاع ضغط الدم, بينما يعاني 2 مليون طفل من نفس المشكلة. ووجدت الدراسات السابقة أن الأكل خارج المنزل يزيد كمية السعرات الحرارية المستهلكة مما يؤدي إلى زيادة الوزن والبدانة. كما يساهم الأكل خارج البيت في زيادة كمية الدهون المشبعة والملح التي يتناولها الشخص.</p>\r\n<p>وقام الباحثون في جامعة سنغافورة بأخذ بيانات حوالي 500 شخص بالغ يتراوح أعمارهم بين 18-40 عاماً. وتم تحديد كل من مستوى ضغط الدم ومستوى كتلة الجسم ونظام الحياة الصحي والنشاط البدني إلى جانب معدل الأكل خارج البيت.</p>\r\n<p>وأظهر تحليل النتائج مايلي:</p>\r\n<ul>\r\n<li>27.4% من الطلبة يعانون من أعراض ما قبل زيادة ضغط الدم</li>\r\n<li>49% من الذكور و9% من الإناث يعانون من أعراض ما قبل زيادة ضغط الدم</li>\r\n<li>38% من الطلبة يأكلون أكثر من 12 مرة أسبوعياً خارج البيت</li>\r\n</ul>\r\n<h2><strong>الأكل خارج البيت أحد اسباب ارتفاع ضغط الدم</strong></h2>\r\n<p>ووجد الباحثون أن الطلبة الذين يعانون سواء من ما قبل زيادة ضغط الدم أو زيادة ضغط الدم, كانوا الأكثر تناولاً للأكل خارج منازلهم. كما أن لديهم مستوى كتلة جسم أكبر ولديهم نقص في مستوى نشاطهم البدني وأغلبهم من المدخنين أيضاً.</p>\r\n<p>وأظهرت نتائج الدراسة أيضاً أن كل مرة يأكل فيها الشخص خارج المنزل تزيد معدل زيادة ضغط الدم 6%.</p>\r\n<p>وحذر الباحثون بقيادة البروفيسورة &ldquo;تازين جافار&rdquo; من تناول الأكل خارج البيت, لأن هذا يقودهم إلى زيادة ضغط الدم دون أن يشعروا. ومن المعروف أن ارتفاع ضغط الدم هو أحد الأسباب الرئيسة للإصابة بأمراض القلب.</p>', NULL, '2018-12-09', 'eat.jpg', NULL),
(49, 'تعرف على اسباب امراض القلب', '<p>تعود اسباب امراض القلب إلى العديد من العوامل حيث تختلف حسب نوع المرض الذي أصاب القلب. فكل نوع من انواع امراض القلب له اسباب خاصة به وإن كانت هناك اسباب مشتركة بينهم جميعاً, كما أن بعض امراض القلب تؤدي إلى الإصابة بنوع آخر من امراض القلب يكون أكثر قوة من سابقه. وتندرج العديد<span id="more-3059"></span>&nbsp;من المشاكل التي تصيب القلب والأوعية الدموية تحت مسمى أمراض القلب, ويعتبر مرض تصلب الشرايين وضعف عضلة القلب هما أهم انواع امراض القلب. وإليكم أهم اسباب امراض القلب حسب كل نوع.</p>\r\n<h2><strong>اسباب امراض القلب</strong></h2>\r\n<p>&nbsp;</p>\r\n<h3><strong>اسباب اضطراب ضربات القلب</strong></h3>\r\n<p>يعتبر عدم انتظام ضربات القلب من أكثر المشاكل التي يشكو منها الكثير من الناس حول العالم. وتعد ابرز اسباب اضطرابضربات القلب مايلي:</p>\r\n<ul>\r\n<li>عيوب القلب الخلقية عند الولادة</li>\r\n<li>أمراض القلب الشرايينية</li>\r\n<li>ارتفاع ضغط الدم</li>\r\n<li>السكري</li>\r\n<li>التدخين</li>\r\n<li>ادمان الخمور</li>\r\n<li>ادمان مشروبات الكافيين</li>\r\n<li>الارهاق</li>\r\n<li>بعض الاعراض الجانبية لبعض الادوية دون وصفات مثل المكملات الغذائية والعلاجات العشبية</li>\r\n</ul>\r\n<p>أما بالنسبة للأشخاص الأصحاء الذين لا يعانون من أي مشاكل في القلب, فضربات القلب الغير منتظمة لا تمثل خطورة كبيرة عليهم إلا ببعض الاسباب الخارجية الأخرى مثل الصدمات الكهربية أو تعاطي جرعات من المخدرات. ويرجع ذلك إلى أن القلب يكون خال من أي سبب يؤدي إلى الإصابة بعدم انتظام ضربات القلب.&nbsp;</p>\r\n<p>اذهب هنا إذا كنت تريد معرفة المزيد عن&nbsp;<a title="عدم انتظام ضربات القلب – الاسباب والاعراض والعلاج" href="http://www.2albak.com/اسباب-واعراض-عدم-انتظام-ضربات-القلب/">عدم انتظام ضربات القلب</a></p>\r\n<h3><strong>اسباب امراض القلب الخلقية</strong></h3>\r\n<p>تبدأ امراض القلب الخلقية مع نمو الجنين في الرحم. واسباب امراض القلب الخلقية التي تحدث عن الولادة غير معروفة, إلا أنها قد تحدث بسبب بعض الأدوية أو بعض التغيرات الجينية وهي من الاسباب الرئيسة لعيوب القلب الخلقية.</p>\r\n<h3><strong>اسباب اعتلال عضلة القلب</strong></h3>\r\n<p>اعتلال عضلة القلب هو أي خلل يحدث في عضلة القلب يسبب فشل القلب مثل تضخم القلب أو ضعف عضلة القلب. وتختلف اسباب اعتلال عضلة القلب باختلاف نوعه.</p>\r\n<p><strong>تمدد عضلة القلب.</strong>&nbsp;وهو اشهر انواع اعتلال عضلة القلب, ويحدث في بعض الاحيان نتيجة انخفاض تدفق الدم إلى القلب, أو التهابات عضلة القلب والتسمم وبعض الأدوية. ويمكن أن تكون نتيجة اسباب وراثية, وتحدث عادة في البطين الأيسر.<br /><strong>تضخم عضلة القلب.</strong>&nbsp;حيث يحدث تضخم في عضلة القلب, وهذا التضخم عادة يكون وراثي أو يحدث بسبب ارتفاع ضغط الدم.<br /><strong>تضيق عضلة القلب.</strong>&nbsp;أقل انواع اعتلال عضلة القلب شيوعاً, بحيث تصبح عضلة القلب أكثر صلابة وأقل مرونة. ويمكن أن يحدث دون اسباب أو نتيجة بعض الأمراض مثل اضطرابات النسيج الضام أو زيادة ترسب الحديد في الجسم أو نتيجة بعض علاجات السرطان مثل العلاج الكيميائي أو الاشعاعي.</p>\r\n<h3><strong>اسباب التهاب القلب</strong></h3>\r\n<p>تحدث التهابات عضلة القلب مثل التهابات التامور أو بطانة القلب أو التهاب عضلة القلب نتيجة الإصابة ببعض مسببات الالتهابات كالبكتريا أو الفيروسات أو الكيماويات, حيث تستطيع الوصول إلى عضلة القلب واصابته.</p>\r\n<h3><strong>اسباب امراض القلب الصمامية</strong></h3>\r\n<p>هناك العديد من اسباب امراض القلب الصمامية, حيث يمكن أن تكون نتيجة عيب خلقي عند الولادة أو الاصابة ببعض الأمراض مثل:</p>\r\n<ul>\r\n<li>الحمى الروماتيزمية</li>\r\n<li>التهاب بطانة عضلة القلب</li>\r\n<li>اضطرابات النسيج الضام</li>\r\n</ul>\r\n<h3><strong>اسباب امراض القلب الشرايينية</strong></h3>\r\n<p>امراض القلب الشرايينية عبارة عن مجموعة من الامراض التي تصيب القلب والشرايين, حيث يحدث انخفاض في تدفق الدم إلى القلب نتيجة تراكم الترسبات الدهنية على شرايين القلب عبر سنوات. وتعتبر هذه أهم اسباب امراض القلب الشرايينية:</p>\r\n<ul>\r\n<li>التدخين</li>\r\n<li>ارتفاع الكولسترول والدهون الثلاثية في الدم</li>\r\n<li>ارتفاع ضغط الدم</li>\r\n<li>ارتفاع نسبة السكر في الدم</li>\r\n<li>التهابات الأوعية الدموية</li>\r\n<li>النظام الغذائي الغير صحي</li>\r\n</ul>\r\n<h3><img class="aligncenter wp-image-3062 size-medium" src="http://www.2albak.com/wp-content/uploads/التدخين-480x285.jpg" sizes="(max-width: 480px) 100vw, 480px" srcset="http://www.2albak.com/wp-content/uploads/التدخين-480x285.jpg 480w, http://www.2albak.com/wp-content/uploads/التدخين.jpg 590w" alt="التدخين اهم اسباب امراض القلب" width="480" height="285" /></h3>\r\n<p><strong>التدخين اهم اسباب امراض القلب</strong></p>\r\n<p>المزيد حول&nbsp;<a title="ماهي أمراض القلب الشراينية وعلاجها واعراضها والوقاية منها" href="http://www.2albak.com/ماهي-أمراض-القلب-الشرايين-واعراضها/">امراض القلب الشرايينية</a></p>\r\n<h3><strong>اسباب ضعف عضلة القلب</strong></h3>\r\n<p>يحدث مرض ضعف عضلة القلب أو قصور القلب عادة كنتيجة للإصابة ببعض أمراض القلب الاخرى, بحيث لا يستطيع القلب في ضخ الدم بصورة كافية إلى الجسم. وبشكل عام, فإن هذه اهم اسباب ضعف عضلة القلب:</p>\r\n<p><strong>امراض القلب الشرايينية.</strong>&nbsp;تعتبر أمراض القلب الشرايينية أو التاجية هي أبرز اسباب الاصابة بضعف عضلة القلب, فمع مرور الوقت, يحدث ضيق في الشرايين التي تغذي القلب ويصاب الانسان بتصلب الشرايين. وعندئذ يضطر القلب للعمل بصورة أقوى ليوفي احتياجات الجسم من الدم ويصبح بعد ذلك أكثر ضعفاً.<br /><strong>ارتفاع ضغط الدم.</strong>&nbsp;يساعد ارتفاع ضغط الدم في زيادة ضخ الدم في القلب عبر الأوعية الدموية بحيث يعمل القلب بصورة أقوى. ومع مرور القلب تصبح عضلة القلب غير قادرة على القيام بمهامها حيث يتغير هيكلها وتصبح أكثر سمكا.<br /><strong>عيوب الصمامات.</strong>&nbsp;عندما يحدث عيب في صمامات القلب, يصبح الدم غير قادر على السير في دورة الدم الطبيعية للقلب مسببا الضعف لعضلة القلب.<br /><strong>اعتلال عضلة القلب.</strong>&nbsp;أي اعتلال في عضلة القلب يمكن أن يسبب ضعف عضلة القلب.<br /><strong>عيوب القلب الخلقية.</strong>&nbsp;مثل الصمامات أو ثقب القلب.<br /><strong>عدم انتظام ضربات القلب.</strong>&nbsp;يؤدي تسارع ضربات القلب إلى زيادة ضخ القلب للدم وزيادة مخاطر ضعف عضلة القلب.<br /><strong>بعض الأمراض الأخرى.</strong>&nbsp;مثل السكري أو الإيدز أو اضطرابات الغدة الدرقية أو ترسب الحديد في الجسم أو ترسب البروتينات في الجسم.</p>\r\n<p>مزيد من التفاصيل حول&nbsp;<a title="ضعف عضلة القلب, انواعها واسبابها والعلاج" href="http://www.2albak.com/اسباب-وعلاج-ضعف-عضلة-القلب/">اسباب ضعف عضلة القلب</a></p>\r\n<h3><strong>اسباب جلطة القلب</strong></h3>\r\n<p>تحدث الجلطة القلبية عندما لا يستطيع الدم العبور نحو القلب نتيجة انسداد شرايين القلب. وتتعدد اسباب جلطة القلب, حيث تعتبر هذه العوامل هي اهم اسباب جلطات القلب:</p>\r\n<ul>\r\n<li>تقدم العمر</li>\r\n<li>الذبحة الصدرية</li>\r\n<li>ارتفاع ضغط الدم</li>\r\n<li>ارتفاع الكولسترول في الدم</li>\r\n<li>زيادة الدهون الثلاثية</li>\r\n<li>السكن قريباً من الطرق السريعة</li>\r\n<li>مرض السكري</li>\r\n<li>النظام الغذائي الغير صحي</li>\r\n<li>عوامل وراثية</li>\r\n<li>اجراء عمليات جراحية في القلب</li>\r\n<li>السمنة</li>\r\n<li>ضعف النشاط البدني</li>\r\n<li>الإصابة بجلطة قلب سابقة</li>\r\n<li>التدخين</li>\r\n<li>الايدز</li>\r\n<li>الضغط والارهاق</li>\r\n</ul>', NULL, '2018-12-01', 'patient.jpg', NULL),
(50, 'كيف تتعرف على اعراض السكتة القلبية ؟', '<p>اعراض السكتة القلبية تحدث بشكل مفاجئ وسريع حيث تشمل هذا الاعراض مايلي:</p>\r\n<ul>\r\n<li>الدوار والاغماء المفاجئ</li>\r\n<li>لا يوجد نبض</li>\r\n<li>لا يوجد تنفس</li>\r\n<li>عدم وجود أي استجابة</li>\r\n<li>عدم القدرة على الكلام</li>\r\n</ul>\r\n<h2><strong>اعراض ما قبل السكتة القلبية</strong></h2>\r\n<p>يمكن أن تحدث بعض الأعراض قبل السكتة القلبية يمكن ملاحظتها مبكراً قبل الإصابة<span id="more-2989"></span>&nbsp;بالسكتة القلبية. وهذا الأعراض ربما تشمل مايلي:</p>\r\n<ul>\r\n<li>التعب</li>\r\n<li>الدوار</li>\r\n<li>فقدان الوعي</li>\r\n<li>ألم الصدر</li>\r\n<li>ضيق التنفس</li>\r\n<li>الاحساس بالضعف</li>\r\n<li>خفقان القلب السريع</li>\r\n<li>القيء</li>\r\n</ul>\r\n<h2><strong>ماذا تفعل إذا شعرت باصابة شخص بالسكتة القلبية؟</strong></h2>\r\n<h3><em><strong>الانعاش القلبي الرئوي الابتدائي للمصابين بالسكتة القلبية</strong></em></h3>\r\n<p>يتم الانعاش القلبي الرئوي الابتدائي للمصابين بالسكتة القلبية هذه الخطوات:</p>\r\n<ol>\r\n<li>تأكد من وجود المريض في مكان آمن</li>\r\n<li>تأكد من حالة المريض إذا كان فاقداً للوعي, عن طريق هز كتف المريض وسؤاله عن الحالة. وإذا لم يستجب تبدأ في الانعاش</li>\r\n<li>ألق المريض على ظهره مع رفع جبينه وفكه للأعلى</li>\r\n<li>ضع يدك على عظام الصدر في المنتصف للمريض المصاب بالسكتة القلبية.</li>\r\n<li>ضع يدك الثانية فوق الأولى عن طريق تشبيك الأصابع.</li>\r\n<li>استخدم وزنك للضغط على الصدر (ليس فقط ذراعيك), اضغط بشكل مستقيم بعمق 5-6 سم على الصدر ليصل معدل الضغط 100-120 ضغطة في الدقيقة</li>\r\n<li>كرر عملية الانعاش حتى وصول الاسعاف, مع النفخ نفختين في فم المريض بين كل ثلاثين ضغطة على صدره مع غلق الأنف باليد الأخرى حتى لا يتسرب الهواء المنفوخ من أنفه</li>\r\n</ol>\r\n<h3><em><strong>الانعاش القلبي الرئوي المتقدم للمصابين بالسكتة القلبية</strong></em></h3>\r\n<p>يتم الانعاش المتقدم عن طريق فريق طبي متخصص باستخدام جهاز مزيل للرجفان وقناع للتنفس. ويهدف هذا الإجراء إلى عمل القلب مرة أخرى.</p>\r\n<p>لمعرفة المزيد عن&nbsp;<a title="اسباب السكتة القلبية المفاجئة" href="http://www.2albak.com/اسباب-السكتة-القلبية-المفاجئة/">أسباب السكتة القلبية</a>&nbsp;من هنا. وهنا&nbsp;<a title="السكتة القلبية واعراضها واسباب الاصابة بالسكتة القلبية" href="http://www.2albak.com/السكتة-القلبية-اعراضها-اسبابها/">للوقاية من السكتة القلبية</a>.&nbsp;</p>\r\n<p>وينبغي معرفة أن اعراض السكتة القلبية تختلف عن&nbsp;<a title="اعراض جلطة القلب (النوبة القلبية)" href="http://www.2albak.com/اعراض-جلطة-القلب/">اعراض الجلطة القلبية</a>.</p>\r\n<p>ويفيد التشخيص المبكر في الوقاية من الاصابة بالسكتة القلبية. حيث يفيد تشخيص الرنين المغناطيسي للقلب في اكتشاف أي مشاكل في تركيب القلب يمكن أن تؤدي إلى السكتة القلبية. لمعرفة المزيد عن&nbsp;<a title="متى يتم التشخيص بأشعة الرنين المغناطيسي للقلب؟" href="http://www.2albak.com/التصوير-الرنين-المغناطيسي-للقلب/">التشخيص بالرنين المغناطيسي للقلب</a>.</p>', NULL, '2018-12-01', 'man.jpg', 1);

-- --------------------------------------------------------

--
-- Table structure for table `bayes`
--

CREATE TABLE IF NOT EXISTS `bayes` (
  `categories` text CHARACTER SET utf8 NOT NULL,
  `attributes_prob` text CHARACTER SET utf8 NOT NULL
) ENGINE=InnoDB DEFAULT CHARSET=latin1;

--
-- Dumping data for table `bayes`
--

INSERT INTO `bayes` (`categories`, `attributes_prob`) VALUES
('["negative","positive"]', '{"_exercice_angina_no_negative":0.8974358974359,"_exercice_angina_no_positive":0.34782608695652,"_exercice_angina_yes_negative":0.1025641025641,"_exercice_angina_yes_positive":0.65217391304348,"_max_heart_rate_mean_negative":"145.1795","_max_heart_rate_mean_positive":"127.9022","_max_heart_rate_std_negative":"22.012667442682716","_max_heart_rate_std_positive":"22.485289772285967","_rest_electro_?_negative":0,"_rest_electro_?_positive":0.010869565217391,"_rest_electro_left_vent_hyper_negative":0.034188034188034,"_rest_electro_left_vent_hyper_positive":0.010869565217391,"_rest_electro_normal_negative":0.85470085470085,"_rest_electro_normal_positive":0.79347826086957,"_rest_electro_st_t_wave_abnormality_negative":0.11111111111111,"_rest_electro_st_t_wave_abnormality_positive":0.18478260869565,"_blood_sugar_0_negative":0.95726495726496,"_blood_sugar_0_positive":0.8804347826087,"_blood_sugar_1_negative":0.042735042735043,"_blood_sugar_1_positive":0.1195652173913,"_age_mean_negative":"46.6068","_age_mean_positive":"49.6957","_age_std_negative":"8.204602903412711","_age_std_positive":"7.464028418142783","_chest_pain_type_asympt_negative":0.23076923076923,"_chest_pain_type_asympt_positive":0.81521739130435,"_chest_pain_type_atyp_angina_negative":0.5042735042735,"_chest_pain_type_atyp_angina_positive":0.065217391304348,"_chest_pain_type_non_anginal_negative":0.24786324786325,"_chest_pain_type_non_anginal_positive":0.076086956521739,"_chest_pain_type_typ_angina_negative":0.017094017094017,"_chest_pain_type_typ_angina_positive":0.043478260869565,"_rest_blood_pressure_mean_negative":"131.9487","_rest_blood_pressure_mean_positive":"135.8370","_rest_blood_pressure_std_negative":"16.358090161781117","_rest_blood_pressure_std_positive":"18.39380636182654"}');

-- --------------------------------------------------------

--
-- Table structure for table `consulting`
--

CREATE TABLE IF NOT EXISTS `consulting` (
  `id` int(11) NOT NULL AUTO_INCREMENT,
  `user_id` int(11) DEFAULT NULL,
  `doctor_id` int(11) DEFAULT NULL,
  `consulting_title` text CHARACTER SET utf8,
  `question` text CHARACTER SET utf8,
  `status` tinyint(1) DEFAULT '0',
  `answer` text CHARACTER SET utf8,
  `read` tinyint(1) NOT NULL DEFAULT '0',
  `date` timestamp NOT NULL DEFAULT CURRENT_TIMESTAMP,
  PRIMARY KEY (`id`)
) ENGINE=InnoDB  DEFAULT CHARSET=latin1 AUTO_INCREMENT=49 ;

--
-- Dumping data for table `consulting`
--

INSERT INTO `consulting` (`id`, `user_id`, `doctor_id`, `consulting_title`, `question`, `status`, `answer`, `read`, `date`) VALUES
(34, 1, 1, '', 'kkkk', 1, 'jjj', 0, '2018-11-28 20:04:31'),
(35, 1, 23, '', 'vdga', 1, 'fdfgsdg', 0, '2018-11-30 07:18:18'),
(36, 1, 10, NULL, 'vdga', 1, '', 0, '2018-11-30 07:23:57'),
(37, 1, NULL, 'sss', 'ssss', 0, NULL, 0, '2018-11-30 07:24:06'),
(38, 1, NULL, 'sss', 'ssss', 0, NULL, 0, '2018-11-30 07:24:50'),
(39, 1, 1, 'sss', 'dddd', 1, 'fff', 0, '2018-11-30 07:25:03'),
(43, 5, NULL, 'تجريب', 'رهف', 0, NULL, 0, '2018-11-30 09:12:44'),
(44, 20, NULL, 'تجريب', 'lk hh', 0, NULL, 0, '2018-12-02 12:49:43'),
(45, 20, NULL, 'تجريب', 'lk hh', 0, NULL, 0, '2018-12-02 12:52:43'),
(46, 20, NULL, 'kkk', 'kkkk', 0, NULL, 0, '2018-12-02 14:27:17'),
(47, 20, NULL, 'jjj', 'jjjj', 0, NULL, 0, '2018-12-02 16:48:26'),
(48, 20, NULL, 'jjjjjjjjjjjjjjjjjjjj', 'jjj', 0, NULL, 0, '2018-12-02 17:37:43');

-- --------------------------------------------------------

--
-- Table structure for table `disease`
--

CREATE TABLE IF NOT EXISTS `disease` (
  `id` int(11) NOT NULL AUTO_INCREMENT,
  `disease` varchar(200) NOT NULL,
  `exercice_angina` varchar(200) NOT NULL,
  `max_heart_rate` int(11) NOT NULL,
  `rest_electro` varchar(200) NOT NULL,
  `blood_sugar` tinyint(1) NOT NULL,
  `age` int(11) NOT NULL,
  `chest_pain_type` varchar(200) NOT NULL,
  `rest_blood_pressure` int(11) NOT NULL,
  PRIMARY KEY (`id`)
) ENGINE=InnoDB  DEFAULT CHARSET=latin1 AUTO_INCREMENT=279 ;

--
-- Dumping data for table `disease`
--

INSERT INTO `disease` (`id`, `disease`, `exercice_angina`, `max_heart_rate`, `rest_electro`, `blood_sugar`, `age`, `chest_pain_type`, `rest_blood_pressure`) VALUES
(1, 'positive', 'yes', 135, 'normal', 0, 43, 'asympt', 140),
(2, 'negative', 'yes', 160, 'normal', 0, 39, 'atyp_angina', 120),
(3, 'negative', 'no', 160, 'normal', 1, 39, 'non_anginal', 160),
(4, 'negative', 'no', 146, 'normal', 0, 42, 'non_anginal', 160),
(5, 'negative', 'no', 130, 'normal', 0, 49, 'asympt', 140),
(6, 'negative', 'no', 135, 'normal', 0, 50, 'asympt', 140),
(7, 'positive', 'yes', 119, 'left_vent_hyper', 1, 59, 'asympt', 140),
(8, 'positive', 'yes', 142, 'normal', 0, 54, 'asympt', 200),
(9, 'positive', 'no', 125, 'normal', 0, 59, 'asympt', 130),
(10, 'positive', 'yes', 122, 'st_t_wave_abnormality', 0, 56, 'asympt', 170),
(11, 'negative', 'no', 170, 'st_t_wave_abnormality', 0, 52, 'non_anginal', 140),
(12, 'positive', 'no', 125, 'normal', 0, 60, 'asympt', 100),
(13, 'positive', 'yes', 143, 'normal', 1, 55, 'atyp_angina', 160),
(14, 'negative', 'no', 140, 'normal', 1, 57, 'atyp_angina', 140),
(15, 'positive', 'no', 166, 'normal', 0, 38, 'asympt', 110),
(16, 'negative', 'no', 135, 'left_vent_hyper', 0, 60, 'non_anginal', 120),
(17, 'negative', 'no', 150, 'normal', 0, 55, 'atyp_angina', 140),
(18, 'positive', 'yes', 140, 'st_t_wave_abnormality', 0, 50, 'asympt', 140),
(19, 'positive', 'no', 110, 'normal', 1, 48, 'asympt', 106),
(20, 'negative', 'no', 106, 'normal', 0, 39, 'atyp_angina', 190),
(21, 'positive', 'yes', 94, 'normal', 0, 66, 'asympt', 140),
(22, 'positive', 'yes', 150, 'normal', 1, 56, 'asympt', 155),
(23, 'positive', 'no', 135, 'normal', 0, 44, 'asympt', 135),
(24, 'positive', 'yes', 120, 'normal', 0, 43, 'asympt', 120),
(25, 'positive', 'yes', 118, 'normal', 0, 54, 'asympt', 140),
(26, 'negative', 'yes', 138, 'normal', 0, 52, 'atyp_angina', 140),
(27, 'positive', 'no', 115, 'normal', 0, 48, 'asympt', 120),
(28, 'positive', 'no', 150, 'normal', 0, 51, 'non_anginal', 135),
(29, 'negative', 'no', 100, 'normal', 0, 59, 'non_anginal', 180),
(30, 'negative', 'no', 110, 'normal', 0, 58, 'atyp_angina', 130),
(31, 'positive', 'no', 124, 'normal', 0, 46, 'asympt', 118),
(32, 'positive', 'yes', 91, 'normal', 0, 54, 'asympt', 130),
(33, 'positive', 'yes', 92, 'normal', 0, 48, 'asympt', 160),
(34, 'positive', 'yes', 150, 'normal', 0, 38, 'asympt', 110),
(35, 'negative', 'no', 120, 'normal', 0, 39, 'atyp_angina', 130),
(36, 'positive', 'yes', 115, 'normal', 0, 46, 'asympt', 120),
(37, 'negative', 'no', 185, 'normal', 0, 33, 'non_anginal', 120),
(38, 'positive', 'no', 150, 'normal', 0, 50, 'asympt', 145),
(39, 'negative', 'no', 144, 'normal', 0, 41, 'atyp_angina', 125),
(40, 'positive', 'yes', 140, 'normal', 0, 49, 'asympt', 140),
(41, 'positive', 'yes', 112, 'normal', 1, 65, 'asympt', 170),
(42, 'negative', 'no', 170, 'normal', 0, 50, 'atyp_angina', 140),
(43, 'positive', 'yes', 87, 'normal', 1, 65, 'asympt', 140),
(44, 'positive', 'no', 175, 'normal', 1, 46, 'typ_angina', 140),
(45, 'negative', 'no', 188, 'normal', 0, 40, 'non_anginal', 140),
(46, 'negative', 'no', 145, 'normal', 0, 39, 'atyp_angina', 120),
(47, 'positive', 'no', 140, 'normal', 0, 54, 'asympt', 125),
(48, 'negative', 'no', 138, 'normal', 0, 48, 'non_anginal', 110),
(49, 'positive', 'yes', 130, 'normal', 0, 55, 'asympt', 140),
(50, 'positive', 'yes', 150, 'normal', 0, 44, 'atyp_angina', 150),
(51, 'negative', 'no', 114, 'normal', 0, 56, 'non_anginal', 130),
(52, 'negative', 'no', 184, 'normal', 0, 32, 'atyp_angina', 110),
(53, 'negative', 'no', 137, 'normal', 1, 55, 'atyp_angina', 120),
(54, 'negative', 'no', 122, 'normal', 0, 54, 'non_anginal', 150),
(55, 'negative', 'no', 145, 'normal', 0, 51, 'atyp_angina', 125),
(56, 'negative', 'no', 174, 'normal', 0, 47, 'atyp_angina', 160),
(57, 'positive', 'yes', 145, 'st_t_wave_abnormality', 0, 57, 'atyp_angina', 140),
(58, 'negative', 'no', 138, 'normal', 0, 43, 'atyp_angina', 142),
(59, 'negative', 'no', 122, 'normal', 1, 45, 'atyp_angina', 140),
(60, 'negative', 'no', 162, 'normal', 0, 53, 'atyp_angina', 140),
(61, 'negative', 'no', 150, 'normal', 0, 46, 'non_anginal', 120),
(62, 'negative', 'yes', 128, 'normal', 0, 56, 'non_anginal', 130),
(63, 'negative', 'no', 118, 'normal', 0, 48, 'atyp_angina', 140),
(64, 'positive', 'no', 136, '?', 0, 55, 'typ_angina', 140),
(65, 'positive', 'no', 175, 'normal', 0, 49, 'non_anginal', 115),
(66, 'positive', 'yes', 124, 'st_t_wave_abnormality', 0, 56, 'asympt', 150),
(67, 'negative', 'no', 146, 'st_t_wave_abnormality', 0, 39, 'atyp_angina', 120),
(68, 'positive', 'no', 150, 'normal', 0, 52, 'asympt', 120),
(69, 'negative', 'no', 148, 'normal', 0, 53, 'asympt', 130),
(70, 'negative', 'no', 134, 'left_vent_hyper', 0, 55, 'non_anginal', 120),
(71, 'positive', 'no', 112, 'normal', 0, 46, 'asympt', 130),
(72, 'negative', 'no', 178, 'normal', 0, 36, 'non_anginal', 130),
(73, 'positive', 'no', 130, 'normal', 0, 53, 'non_anginal', 145),
(74, 'negative', 'no', 150, 'normal', 0, 34, 'atyp_angina', 98),
(75, 'positive', 'yes', 153, 'normal', 0, 31, 'asympt', 120),
(76, 'negative', 'no', 160, 'normal', 0, 29, 'atyp_angina', 120),
(77, 'negative', 'yes', 165, 'normal', 0, 46, 'atyp_angina', 140),
(78, 'negative', 'no', 170, 'normal', 0, 29, 'atyp_angina', 140),
(79, 'positive', 'yes', 130, 'normal', 0, 43, 'asympt', 150),
(80, 'positive', 'no', 122, 'normal', 0, 49, 'asympt', 150),
(81, 'positive', 'no', 150, 'normal', 0, 39, 'asympt', 110),
(82, 'positive', 'no', 170, 'normal', 0, 38, 'asympt', 120),
(83, 'negative', 'no', 154, 'normal', 0, 54, 'atyp_angina', 120),
(84, 'negative', 'no', 150, 'normal', 0, 40, 'atyp_angina', 130),
(85, 'positive', 'no', 130, 'normal', 0, 32, 'asympt', 118),
(86, 'negative', 'yes', 110, 'normal', 0, 55, 'asympt', 140),
(87, 'negative', 'no', 155, 'normal', 0, 42, 'atyp_angina', 120),
(88, 'positive', 'yes', 103, 'normal', 0, 48, 'asympt', 160),
(89, 'negative', 'no', 144, 'normal', 0, 45, 'asympt', 140),
(90, 'negative', 'no', 132, 'normal', 0, 53, 'atyp_angina', 120),
(91, 'negative', 'no', 132, 'normal', 0, 39, 'asympt', 110),
(92, 'positive', 'no', 130, 'st_t_wave_abnormality', 0, 41, 'asympt', 130),
(93, 'negative', 'no', 150, 'normal', 0, 42, 'atyp_angina', 120),
(94, 'negative', 'no', 174, 'normal', 0, 49, 'atyp_angina', 100),
(95, 'negative', 'no', 130, 'st_t_wave_abnormality', 0, 54, 'atyp_angina', 160),
(96, 'negative', 'no', 160, 'normal', 0, 58, 'non_anginal', 140),
(97, 'negative', 'no', 185, 'left_vent_hyper', 0, 28, 'atyp_angina', 130),
(98, 'positive', 'yes', 150, 'normal', 0, 46, 'asympt', 110),
(99, 'negative', 'no', 150, 'normal', 0, 51, 'atyp_angina', 130),
(100, 'positive', 'yes', 102, 'normal', 0, 48, 'asympt', 160),
(101, 'negative', 'no', 100, 'normal', 0, 51, 'asympt', 130),
(102, 'negative', 'no', 170, 'normal', 0, 42, 'asympt', 140),
(103, 'positive', 'yes', 99, 'normal', 0, 48, 'asympt', 160),
(104, 'negative', 'no', 155, 'normal', 0, 32, 'atyp_angina', 125),
(105, 'negative', 'no', 160, 'normal', 0, 55, 'non_anginal', 110),
(106, 'negative', 'yes', 112, 'st_t_wave_abnormality', 0, 53, 'asympt', 124),
(107, 'negative', 'no', 120, 'st_t_wave_abnormality', 0, 46, 'asympt', 180),
(108, 'negative', 'no', 155, 'normal', 0, 55, 'atyp_angina', 145),
(109, 'negative', 'no', 140, 'st_t_wave_abnormality', 0, 46, 'asympt', 110),
(110, 'positive', 'yes', 96, 'normal', 0, 49, 'asympt', 128),
(111, 'negative', 'no', 180, 'left_vent_hyper', 0, 35, 'atyp_angina', 120),
(112, 'positive', 'no', 140, 'normal', 0, 35, 'atyp_angina', 110),
(113, 'negative', 'no', 137, 'normal', 0, 54, 'non_anginal', 120),
(114, 'negative', 'no', 150, 'normal', 0, 58, 'atyp_angina', 130),
(115, 'positive', 'yes', 120, 'normal', 0, 49, 'asympt', 130),
(116, 'negative', 'no', 165, 'normal', 0, 52, 'atyp_angina', 160),
(117, 'positive', 'yes', 150, 'st_t_wave_abnormality', 1, 48, 'asympt', 122),
(118, 'negative', 'no', 152, 'normal', 0, 62, 'atyp_angina', 140),
(119, 'negative', 'no', 142, 'normal', 0, 41, 'asympt', 112),
(120, 'positive', 'yes', 82, 'st_t_wave_abnormality', 0, 52, 'asympt', 160),
(121, 'negative', 'no', 138, 'normal', 0, 40, 'non_anginal', 130),
(122, 'positive', 'yes', 120, 'normal', 0, 52, 'asympt', 130),
(123, 'negative', 'no', 140, 'normal', 0, 39, 'asympt', 130),
(124, 'positive', 'no', 180, 'normal', 0, 34, 'typ_angina', 140),
(125, 'negative', 'no', 167, 'normal', 0, 40, 'non_anginal', 130),
(126, 'positive', 'yes', 158, 'st_t_wave_abnormality', 0, 47, 'asympt', 160),
(127, 'negative', 'yes', 125, 'normal', 1, 47, 'asympt', 140),
(128, 'negative', 'no', 140, 'normal', 0, 56, 'asympt', 120),
(129, 'negative', 'no', 172, 'normal', 0, 40, 'atyp_angina', 140),
(130, 'positive', 'yes', 94, 'normal', 0, 52, 'asympt', 160),
(131, 'negative', 'no', 142, 'normal', 0, 54, 'atyp_angina', 110),
(132, 'negative', 'no', 175, 'normal', 0, 54, 'atyp_angina', 160),
(133, 'positive', 'yes', 116, 'normal', 0, 53, 'asympt', 120),
(134, 'positive', 'yes', 121, 'normal', 0, 50, 'asympt', 130),
(135, 'negative', 'no', 140, 'normal', 0, 55, 'asympt', 120),
(136, 'positive', 'yes', 98, 'normal', 0, 47, 'asympt', 150),
(137, 'negative', 'no', 184, 'normal', 0, 36, 'non_anginal', 112),
(138, 'positive', 'yes', 115, 'st_t_wave_abnormality', 0, 65, 'asympt', 130),
(139, 'positive', 'yes', 130, 'normal', 0, 37, 'asympt', 140),
(140, 'negative', 'no', 137, 'normal', 0, 54, 'typ_angina', 120),
(141, 'negative', 'no', 172, 'normal', 0, 36, 'non_anginal', 150),
(142, 'positive', 'yes', 145, 'normal', 0, 47, 'non_anginal', 140),
(143, 'negative', 'no', 180, 'normal', 0, 36, 'atyp_angina', 120),
(144, 'positive', 'yes', 134, 'normal', 0, 52, 'asympt', 140),
(145, 'positive', 'no', 170, 'normal', 0, 41, 'asympt', 110),
(146, 'negative', 'yes', 152, 'normal', 0, 42, 'non_anginal', 120),
(147, 'negative', 'no', 98, 'st_t_wave_abnormality', 0, 37, 'atyp_angina', 130),
(148, 'positive', 'no', 140, 'st_t_wave_abnormality', 0, 58, 'non_anginal', 130),
(149, 'negative', 'yes', 140, 'normal', 0, 50, 'asympt', 150),
(150, 'negative', 'no', 100, 'normal', 0, 48, 'atyp_angina', 100),
(151, 'negative', 'no', 100, 'normal', 0, 58, 'asympt', 135),
(152, 'positive', 'yes', 99, 'st_t_wave_abnormality', 0, 58, 'atyp_angina', 136),
(153, 'negative', 'no', 142, 'normal', 0, 44, 'atyp_angina', 120),
(154, 'negative', 'no', 130, 'normal', 0, 38, 'non_anginal', 145),
(155, 'negative', 'no', 110, 'normal', 0, 54, 'atyp_angina', 120),
(156, 'negative', 'yes', 140, 'st_t_wave_abnormality', 0, 46, 'asympt', 110),
(157, 'positive', 'yes', 150, 'normal', 0, 54, 'non_anginal', 120),
(158, 'positive', 'yes', 125, 'normal', 1, 56, 'asympt', 150),
(159, 'negative', 'no', 140, 'normal', 0, 53, 'non_anginal', 120),
(160, 'negative', 'yes', 115, 'st_t_wave_abnormality', 0, 61, 'asympt', 125),
(161, 'negative', 'no', 172, 'normal', 0, 49, 'non_anginal', 140),
(162, 'negative', 'no', 116, 'st_t_wave_abnormality', 0, 50, 'atyp_angina', 170),
(163, 'negative', 'no', 110, 'normal', 0, 45, 'non_anginal', 135),
(164, 'positive', 'yes', 124, 'normal', 0, 52, 'asympt', 140),
(165, 'positive', 'yes', 125, 'st_t_wave_abnormality', 0, 50, 'asympt', 140),
(166, 'positive', 'no', 155, 'st_t_wave_abnormality', 0, 43, 'typ_angina', 120),
(167, 'negative', 'no', 150, 'normal', 0, 38, 'atyp_angina', 140),
(168, 'positive', 'yes', 120, 'st_t_wave_abnormality', 0, 53, 'asympt', 180),
(169, 'positive', 'yes', 92, 'normal', 0, 57, 'asympt', 150),
(170, 'negative', 'no', 150, 'normal', 0, 59, 'atyp_angina', 140),
(171, 'positive', 'no', 122, 'normal', 0, 54, 'asympt', 125),
(172, 'negative', 'no', 170, 'normal', 0, 39, 'non_anginal', 120),
(173, 'negative', 'no', 160, 'normal', 0, 50, 'atyp_angina', 120),
(174, 'negative', 'no', 118, 'normal', 0, 52, 'atyp_angina', 120),
(175, 'negative', 'no', 170, 'normal', 0, 44, 'asympt', 150),
(176, 'positive', 'no', 160, 'normal', 0, 36, 'atyp_angina', 120),
(177, 'negative', 'no', 135, 'normal', 0, 44, 'atyp_angina', 130),
(178, 'positive', 'yes', 125, 'normal', 0, 46, 'asympt', 120),
(179, 'positive', 'yes', 118, 'normal', 0, 41, 'asympt', 120),
(180, 'negative', 'no', 140, 'normal', 0, 45, 'asympt', 120),
(181, 'positive', 'yes', 130, 'st_t_wave_abnormality', 0, 45, 'asympt', 130),
(182, 'positive', 'yes', 110, 'normal', 0, 52, 'asympt', 130),
(183, 'positive', 'yes', 96, 'normal', 0, 55, 'asympt', 145),
(184, 'negative', 'no', 150, 'normal', 0, 37, 'non_anginal', 130),
(185, 'negative', 'no', 170, 'normal', 0, 41, 'atyp_angina', 120),
(186, 'negative', 'no', 158, 'normal', 0, 37, 'asympt', 130),
(187, 'positive', 'yes', 100, 'normal', 0, 44, 'asympt', 130),
(188, 'negative', 'no', 136, 'normal', 0, 42, 'atyp_angina', 150),
(189, 'negative', 'no', 160, 'st_t_wave_abnormality', 0, 41, 'atyp_angina', 120),
(190, 'negative', 'no', 140, 'normal', 0, 59, 'asympt', 140),
(191, 'negative', 'no', 168, 'st_t_wave_abnormality', 0, 34, 'atyp_angina', 150),
(192, 'positive', 'yes', 126, 'normal', 0, 52, 'asympt', 170),
(193, 'negative', 'no', 100, 'normal', 0, 56, 'atyp_angina', 130),
(194, 'positive', 'yes', 134, 'normal', 0, 38, 'asympt', 92),
(195, 'positive', 'no', 105, 'normal', 0, 54, 'asympt', 140),
(196, 'negative', 'no', 160, 'normal', 0, 48, 'atyp_angina', 130),
(197, 'positive', 'yes', 140, 'normal', 0, 58, 'asympt', 130),
(198, 'positive', 'yes', 125, 'normal', 1, 54, 'asympt', 130),
(199, 'negative', 'no', 168, 'normal', 0, 35, 'atyp_angina', 150),
(200, 'positive', 'no', 92, 'st_t_wave_abnormality', 1, 58, 'non_anginal', 160),
(201, 'positive', 'yes', 128, 'normal', 0, 55, 'asympt', 140),
(202, 'negative', 'no', 168, 'normal', 0, 37, 'asympt', 120),
(203, 'negative', 'no', 134, 'st_t_wave_abnormality', 0, 54, 'asympt', 150),
(204, 'negative', 'no', 150, 'normal', 0, 47, 'typ_angina', 110),
(205, 'positive', 'no', 115, 'normal', 0, 63, 'asympt', 150),
(206, 'negative', 'yes', 120, 'normal', 0, 59, 'non_anginal', 130),
(207, 'positive', 'yes', 96, 'st_t_wave_abnormality', 0, 52, 'asympt', 112),
(208, 'positive', 'no', 170, 'normal', 0, 49, 'asympt', 130),
(209, 'negative', 'no', 155, 'normal', 0, 53, 'asympt', 140),
(212, 'positive', 'yes', 88, 'normal', 0, 45, 'asympt', 145),
(213, 'negative', 'no', 155, 'normal', 0, 45, 'asympt', 145),
(229, 'positive', 'no', 155, 'normal', 0, 55, 'asympt', 145),
(230, 'positive', 'no', 155, 'normal', 0, 55, 'asympt', 145),
(231, 'positive', 'yes', 88, 'normal', 0, 45, 'atyp_angina', 145),
(232, 'positive', 'yes', 88, 'normal', 0, 45, 'asympt', 145),
(233, 'positive', 'yes', 88, 'normal', 0, 45, 'asympt', 145),
(234, 'positive', 'yes', 88, 'normal', 0, 45, 'asympt', 145),
(235, 'positive', 'yes', 88, 'normal', 0, 45, 'asympt', 145),
(236, 'positive', 'yes', 88, 'normal', 0, 45, 'asympt', 145),
(237, 'positive', 'yes', 88, 'normal', 0, 45, 'asympt', 145),
(238, 'positive', 'yes', 88, 'normal', 0, 45, 'atyp_angina', 145),
(239, 'negative', '', 0, '0', 0, 0, '0', 0),
(240, 'negative', '', 0, '0', 0, 0, '0', 0),
(241, 'negative', '', 0, '0', 0, 0, '0', 0),
(242, 'negative', '', 0, '0', 0, 0, '0', 0),
(243, 'positive', 'yes', 88, 'normal', 0, 45, 'asympt', 145),
(244, 'positive', 'yes', 88, 'normal', 0, 45, 'asympt', 145),
(245, 'positive', 'yes', 88, 'normal', 0, 45, 'asympt', 145),
(246, 'positive', 'yes', 88, 'normal', 0, 45, 'asympt', 145),
(247, 'positive', 'yes', 88, 'normal', 0, 45, 'asympt', 145),
(248, 'positive', 'yes', 88, 'normal', 0, 45, 'asympt', 145),
(249, 'positive', 'yes', 88, 'normal', 0, 45, 'asympt', 145),
(250, 'positive', 'yes', 88, 'normal', 0, 45, 'asympt', 145),
(251, 'positive', 'yes', 88, 'normal', 0, 45, 'asympt', 145),
(252, 'positive', 'yes', 88, 'normal', 0, 45, 'asympt', 145),
(253, 'positive', 'yes', 88, 'normal', 0, 45, 'asympt', 145),
(254, 'positive', 'yes', 88, 'normal', 0, 45, 'asympt', 145),
(255, 'positive', 'yes', 88, 'normal', 0, 45, 'asympt', 145),
(256, 'positive', 'yes', 88, 'normal', 0, 45, 'asympt', 145),
(257, 'positive', 'yes', 88, 'normal', 0, 45, 'asympt', 145),
(258, 'positive', 'yes', 88, 'normal', 0, 45, 'asympt', 145),
(259, 'positive', 'yes', 88, 'normal', 0, 45, 'asympt', 145),
(260, 'positive', 'yes', 88, 'normal', 0, 45, 'asympt', 145),
(261, 'positive', 'yes', 88, 'normal', 0, 45, 'asympt', 145),
(262, 'positive', 'yes', 88, 'normal', 0, 45, 'asympt', 145),
(263, 'positive', 'yes', 100, 'st_t_wave_abnormality', 0, 24, 'asympt', 145),
(264, 'positive', 'yes', 100, 'st_t_wave_abnormality', 0, 24, 'asympt', 145),
(265, 'positive', 'yes', 100, 'st_t_wave_abnormality', 0, 24, 'asympt', 145),
(266, 'positive', 'yes', 100, 'st_t_wave_abnormality', 0, 24, 'asympt', 145),
(267, 'positive', 'yes', 100, 'st_t_wave_abnormality', 0, 24, 'asympt', 145),
(268, 'positive', 'no', 75, 'normal', 0, 24, 'asympt', 125),
(269, 'negative', 'no', 75, 'normal', 0, 24, 'atyp_angina', 125),
(270, 'negative', 'no', 75, 'normal', 0, 24, 'atyp_angina', 125),
(271, 'negative', 'no', 75, 'normal', 0, 24, 'non_anginal', 125),
(272, 'negative', 'no', 75, 'normal', 0, 24, 'non_anginal', 125),
(273, 'negative', 'no', 75, 'normal', 0, 24, 'typ_angina', 125),
(274, 'negative', 'no', 75, 'normal', 0, 24, 'typ_angina', 125),
(275, 'negative', 'no', 75, 'normal', 0, 24, 'typ_angina', 125),
(276, 'negative', 'no', 75, 'normal', 0, 24, 'typ_angina', 125),
(277, 'negative', 'no', 75, 'normal', 0, 24, 'typ_angina', 125),
(278, 'negative', 'no', 75, 'normal', 0, 24, 'typ_angina', 125);

-- --------------------------------------------------------

--
-- Table structure for table `doctors`
--

CREATE TABLE IF NOT EXISTS `doctors` (
  `id` int(11) NOT NULL AUTO_INCREMENT,
  `name` varchar(55) COLLATE utf8_unicode_ci NOT NULL,
  `address` varchar(200) COLLATE utf8_unicode_ci NOT NULL,
  `phone` varchar(55) COLLATE utf8_unicode_ci NOT NULL,
  `created_date` date NOT NULL,
  PRIMARY KEY (`id`)
) ENGINE=InnoDB  DEFAULT CHARSET=utf8 COLLATE=utf8_unicode_ci AUTO_INCREMENT=11 ;

--
-- Dumping data for table `doctors`
--

INSERT INTO `doctors` (`id`, `name`, `address`, `phone`, `created_date`) VALUES
(4, 'د.محمد شباط', 'التضامن', '0994364545', '2018-09-06'),
(5, 'د.نور شماس', 'دمشق', '0964536453', '2018-10-06'),
(6, 'د.ماهر ابو صعب', 'دمشق', '09434242342', '2018-10-06'),
(7, 'د.احمد ابو سرور', 'حلب', '09543534534', '2018-10-20'),
(8, 'ابراهيم داوود', 'مزة', '09423423443', '2018-10-28'),
(10, 'ي', 'ي', '5', '2018-12-08');

-- --------------------------------------------------------

--
-- Table structure for table `expert_system`
--

CREATE TABLE IF NOT EXISTS `expert_system` (
  `id` int(11) NOT NULL AUTO_INCREMENT,
  `disease` varchar(200) DEFAULT NULL,
  `exercice_angina` varchar(200) NOT NULL,
  `max_heart_rate` int(11) NOT NULL,
  `rest_electro` varchar(200) NOT NULL,
  `blood_sugar` varchar(200) NOT NULL,
  `age` int(11) NOT NULL,
  `chest_pain_type` varchar(200) NOT NULL,
  `rest_blood_pressure` int(11) NOT NULL,
  PRIMARY KEY (`id`)
) ENGINE=InnoDB  DEFAULT CHARSET=latin1 AUTO_INCREMENT=37 ;

--
-- Dumping data for table `expert_system`
--

INSERT INTO `expert_system` (`id`, `disease`, `exercice_angina`, `max_heart_rate`, `rest_electro`, `blood_sugar`, `age`, `chest_pain_type`, `rest_blood_pressure`) VALUES
(17, 'negative', 'no', 75, 'normal', 'false', 24, 'typ_angina', 125),
(19, 'positive', 'no', 75, 'normal', 'false', 24, 'asympt', 125),
(20, 'positive', 'yes', 118, 'normal', 'false', 52, 'atyp_angina', 140),
(23, 'negative', 'yes', 138, 'normal', 'false', 52, 'atyp_angina', 140),
(25, 'positive', 'yes', 140, 'st_t_wave_abnormality', 'true', 23, 'non_anginal', 150),
(27, 'negative', 'no', 120, 'normal', 'true', 23, 'asympt', 120),
(28, 'positive', 'yes', 120, 'st_t_wave_abnormality', 'true', 23, 'asympt', 120),
(29, 'positive', 'yes', 70, 'st_t_wave_abnormality', 'true', 40, 'non_anginal', 120),
(30, 'positive', 'yes', 100, 'left_vent_hyper', 'true', 60, 'asympt', 120),
(31, 'negative', 'no', 100, 'left_vent_hyper', 'false', 30, 'non_anginal', 130),
(32, 'positive', 'yes', 100, 'left_vent_hyper', 'true', 35, 'asympt', 130),
(33, 'negative', 'no', 100, 'normal', 'false', 53, 'atyp_angina', 130),
(34, 'negative', 'no', 140, 'normal', 'true', 53, 'atyp_angina', 155),
(35, 'positive', 'yes', 140, 'normal', 'true', 53, 'atyp_angina', 155),
(36, 'positive', 'yes', 140, 'left_vent_hyper', 'false', 43, 'typ_angina', 155);

-- --------------------------------------------------------

--
-- Table structure for table `groups`
--

CREATE TABLE IF NOT EXISTS `groups` (
  `group_id` int(10) unsigned NOT NULL AUTO_INCREMENT,
  `name` varchar(48) NOT NULL,
  `description` text NOT NULL,
  `roles` bigint(20) unsigned NOT NULL DEFAULT '2',
  PRIMARY KEY (`group_id`)
) ENGINE=InnoDB  DEFAULT CHARSET=utf8 AUTO_INCREMENT=4 ;

--
-- Dumping data for table `groups`
--

INSERT INTO `groups` (`group_id`, `name`, `description`, `roles`) VALUES
(1, 'Administrator', '', 1),
(2, 'Guest', '', 2),
(3, 'Doctor', '', 4);

-- --------------------------------------------------------

--
-- Table structure for table `logins`
--

CREATE TABLE IF NOT EXISTS `logins` (
  `login_id` int(10) unsigned NOT NULL AUTO_INCREMENT,
  `ip_address` int(10) unsigned NOT NULL,
  `user_id` int(10) unsigned DEFAULT NULL,
  `time` timestamp NOT NULL DEFAULT CURRENT_TIMESTAMP ON UPDATE CURRENT_TIMESTAMP,
  `success` tinyint(1) NOT NULL DEFAULT '0',
  PRIMARY KEY (`login_id`),
  KEY `user_id` (`user_id`)
) ENGINE=InnoDB  DEFAULT CHARSET=utf8 AUTO_INCREMENT=399 ;

--
-- Dumping data for table `logins`
--

INSERT INTO `logins` (`login_id`, `ip_address`, `user_id`, `time`, `success`) VALUES
(1, 0, 1, '2018-09-19 15:00:21', 1),
(2, 0, 1, '2018-09-19 15:00:38', 1),
(3, 0, 1, '2018-09-19 16:45:28', 1),
(4, 0, 1, '2018-09-19 16:45:46', 1),
(5, 0, 1, '2018-09-19 18:45:48', 1),
(6, 0, 1, '2018-09-19 18:45:55', 1),
(7, 0, 1, '2018-09-20 05:05:01', 1),
(8, 0, 1, '2018-09-20 05:05:01', 1),
(9, 0, 2, '2018-09-20 05:05:53', 1),
(10, 0, 1, '2018-09-20 07:29:19', 1),
(11, 0, 2, '2018-09-20 07:34:16', 1),
(12, 0, 1, '2018-09-20 07:59:10', 1),
(13, 0, 1, '2018-09-20 09:16:01', 1),
(14, 0, 1, '2018-09-20 09:21:52', 1),
(15, 0, 1, '2018-09-24 13:09:37', 1),
(16, 0, 1, '2018-09-24 19:56:31', 1),
(17, 0, 1, '2018-09-25 13:28:32', 1),
(18, 0, 1, '2018-09-26 07:25:19', 1),
(19, 0, 2, '2018-09-26 07:31:12', 1),
(20, 0, 2, '2018-09-26 13:27:27', 1),
(21, 0, 2, '2018-09-26 13:27:27', 1),
(22, 0, 1, '2018-09-26 13:27:51', 1),
(23, 0, 1, '2018-09-26 14:01:31', 1),
(24, 0, 1, '2018-09-26 16:55:03', 1),
(25, 0, 1, '2018-09-27 18:50:09', 1),
(26, 0, 1, '2018-09-27 18:50:10', 0),
(27, 0, 1, '2018-09-27 18:50:23', 1),
(28, 0, 1, '2018-09-27 19:17:57', 1),
(29, 0, 1, '2018-09-28 09:16:41', 1),
(30, 0, 1, '2018-09-28 09:16:41', 1),
(31, 0, 1, '2018-09-28 09:45:38', 1),
(32, 0, 1, '2018-09-28 13:18:54', 1),
(33, 0, 1, '2018-09-28 15:26:07', 1),
(34, 0, 2, '2018-09-28 16:22:28', 1),
(35, 0, 1, '2018-09-28 16:23:50', 1),
(36, 0, 1, '2018-09-28 20:48:52', 1),
(37, 0, 1, '2018-09-29 04:21:28', 0),
(38, 0, 1, '2018-09-29 04:21:37', 1),
(39, 0, 1, '2018-09-29 04:36:52', 1),
(40, 0, 1, '2018-09-29 04:37:03', 1),
(41, 0, 1, '2018-09-29 05:30:00', 0),
(42, 0, 1, '2018-09-29 05:30:06', 1),
(43, 0, 1, '2018-09-29 05:49:40', 1),
(44, 0, 1, '2018-09-29 14:40:45', 1),
(45, 0, 1, '2018-09-29 17:48:30', 1),
(46, 0, 1, '2018-09-30 07:10:52', 1),
(47, 0, 1, '2018-09-30 07:10:52', 1),
(48, 0, 1, '2018-09-30 11:10:11', 1),
(49, 0, 1, '2018-09-30 14:11:32', 1),
(50, 1560104100, 1, '2018-10-01 02:01:19', 1),
(51, 1580140481, 1, '2018-10-01 02:03:11', 1),
(52, 1580140481, 1, '2018-10-01 02:16:12', 1),
(53, 3116200846, 1, '2018-10-01 03:41:16', 1),
(54, 1334724339, 1, '2018-10-01 15:42:04', 1),
(55, 1580140481, 1, '2018-10-01 16:07:36', 1),
(56, 1580140481, 1, '2018-10-01 16:40:39', 1),
(57, 1580141125, 1, '2018-10-01 19:29:17', 1),
(58, 1580140481, 1, '2018-10-01 21:01:17', 1),
(59, 1580140481, 1, '2018-10-01 23:49:23', 1),
(60, 1580140481, 1, '2018-10-02 00:28:58', 1),
(61, 1334724339, 1, '2018-10-02 02:28:50', 1),
(62, 1334724339, 1, '2018-10-02 02:32:28', 1),
(63, 1580140481, 2, '2018-10-02 04:48:54', 1),
(64, 1580140481, 1, '2018-10-02 04:49:52', 1),
(65, 1580140481, 1, '2018-10-02 09:24:19', 1),
(66, 83919838, 1, '2018-10-02 15:02:06', 1),
(67, 83919838, 1, '2018-10-02 18:06:35', 1),
(68, 83919838, 1, '2018-10-02 18:11:22', 1),
(69, 83919838, 1, '2018-10-02 19:58:48', 1),
(70, 83919838, 1, '2018-10-02 19:59:09', 1),
(71, 83919838, 1, '2018-10-02 23:53:15', 1),
(72, 83919838, 2, '2018-10-03 00:38:48', 1),
(73, 83919838, 1, '2018-10-03 00:39:37', 1),
(74, 83889942, 1, '2018-10-03 00:55:50', 1),
(75, 83919838, 1, '2018-10-03 01:53:52', 1),
(76, 83919838, 1, '2018-10-03 05:03:57', 1),
(77, 1296312357, 1, '2018-10-03 13:22:44', 1),
(78, 1296312357, 1, '2018-10-03 13:22:44', 1),
(79, 83919838, 1, '2018-10-03 13:54:00', 1),
(80, 83889942, 1, '2018-10-03 14:52:11', 1),
(81, 83892053, 1, '2018-10-03 19:33:35', 1),
(82, 83889942, 1, '2018-10-03 19:40:09', 1),
(83, 83892053, 1, '2018-10-03 20:15:30', 1),
(84, 83892053, 1, '2018-10-03 20:35:05', 1),
(85, 83892053, 1, '2018-10-03 21:27:01', 1),
(86, 83889139, 1, '2018-10-03 22:34:06', 1),
(87, 83889139, 1, '2018-10-03 23:21:16', 1),
(88, 83889139, 1, '2018-10-04 00:33:26', 1),
(89, 3573891083, 1, '2018-10-04 02:45:44', 1),
(90, 83889139, 1, '2018-10-04 04:58:16', 1),
(91, 2342702928, 1, '2018-10-04 10:10:39', 1),
(92, 83889139, 1, '2018-10-04 10:15:29', 1),
(93, 1580146387, 1, '2018-10-04 14:50:14', 1),
(94, 94082398, 1, '2018-10-04 21:14:19', 1),
(95, 3162840589, 1, '2018-10-05 00:41:12', 1),
(96, 3651148258, 1, '2018-10-05 04:12:53', 1),
(97, 3162840589, 1, '2018-10-05 05:08:29', 1),
(98, 3162840589, 1, '2018-10-05 06:12:35', 1),
(99, 3162840589, 1, '2018-10-05 14:45:18', 1),
(100, 83922309, 1, '2018-10-05 15:19:15', 1),
(101, 3162840589, 1, '2018-10-05 18:14:03', 1),
(102, 83922309, 1, '2018-10-05 18:36:29', 1),
(103, 83922309, 1, '2018-10-05 18:36:36', 1),
(104, 1580174492, 1, '2018-10-05 18:45:41', 1),
(105, 3162840589, 1, '2018-10-05 18:46:29', 1),
(106, 3162840589, 1, '2018-10-05 18:56:38', 1),
(107, 3162840589, 1, '2018-10-05 18:57:18', 1),
(108, 1580145601, 1, '2018-10-05 19:26:27', 1),
(109, 83922309, 1, '2018-10-05 23:03:38', 1),
(110, 1580174492, 1, '2018-10-05 23:41:12', 1),
(111, 3162840589, 1, '2018-10-06 02:34:03', 1),
(112, 3162840589, 1, '2018-10-06 02:34:04', 0),
(113, 3162840589, 1, '2018-10-06 02:34:09', 1),
(114, 3162840589, 1, '2018-10-06 06:17:45', 1),
(115, 1760396232, 1, '2018-10-06 10:02:47', 1),
(116, 83923930, 1, '2018-10-06 14:31:43', 1),
(117, 83923930, 1, '2018-10-06 14:56:02', 1),
(118, 83923930, 1, '2018-10-06 14:56:12', 1),
(119, 1760396232, 1, '2018-10-06 15:35:25', 1),
(120, 83923385, 1, '2018-10-06 16:19:26', 1),
(121, 83923930, 1, '2018-10-06 21:44:15', 1),
(122, 1760396232, 1, '2018-10-06 21:53:01', 1),
(123, 1580174492, 1, '2018-10-07 01:11:55', 1),
(124, 83923930, 1, '2018-10-07 04:57:59', 1),
(125, 83923930, 1, '2018-10-07 14:48:35', 1),
(126, 1580142585, 1, '2018-10-07 15:19:06', 1),
(127, 1580142585, 1, '2018-10-07 16:38:37', 1),
(128, 83923385, 1, '2018-10-07 20:56:21', 1),
(129, 83890660, 1, '2018-10-07 21:10:11', 1),
(130, 83890660, 1, '2018-10-07 21:17:33', 1),
(131, 83890660, 1, '2018-10-07 21:30:56', 1),
(132, 83890660, 1, '2018-10-07 21:40:30', 1),
(133, 83890660, 1, '2018-10-07 22:07:36', 1),
(134, 1760396232, 1, '2018-10-07 23:32:38', 1),
(135, 83890660, 1, '2018-10-07 23:49:12', 1),
(136, 83890660, 1, '2018-10-08 02:13:03', 1),
(137, 83890660, 1, '2018-10-08 04:03:38', 1),
(138, 83890660, 1, '2018-10-08 05:17:00', 1),
(139, 1580142920, 1, '2018-10-08 10:13:40', 1),
(140, 83890660, 1, '2018-10-08 14:09:52', 1),
(141, 1580142920, 1, '2018-10-08 14:16:53', 1),
(142, 1760396232, 1, '2018-10-08 14:18:06', 1),
(143, 83890660, 1, '2018-10-08 15:06:42', 1),
(144, 1760396232, 1, '2018-10-08 17:22:39', 1),
(145, 83923213, 1, '2018-10-08 17:23:04', 1),
(146, 83923213, 3, '2018-10-08 17:32:04', 1),
(147, 83923213, 1, '2018-10-08 17:32:57', 1),
(148, 3104379795, 1, '2018-10-08 19:30:39', 1),
(149, 3104379795, 1, '2018-10-08 19:37:05', 1),
(150, 3104379795, 1, '2018-10-08 19:37:59', 1),
(151, 3104379795, 1, '2018-10-08 19:42:18', 1),
(152, 1384761388, 1, '2018-10-08 22:55:57', 1),
(153, 3584806276, 1, '2018-10-08 23:20:37', 1),
(154, 1843673519, 1, '2018-10-08 23:35:32', 1),
(155, 3584806276, 1, '2018-10-08 23:41:54', 1),
(156, 3584806276, 1, '2018-10-08 23:45:30', 1),
(157, 1580142061, 1, '2018-10-08 23:50:02', 1),
(158, 1843673519, 1, '2018-10-09 02:56:49', 1),
(159, 94050898, 1, '2018-10-09 03:07:10', 1),
(160, 1384761388, 1, '2018-10-09 12:40:41', 1),
(161, 1384761402, 1, '2018-10-09 13:13:00', 1),
(162, 520719198, 1, '2018-10-09 15:14:49', 1),
(163, 1384761382, 1, '2018-10-09 17:01:45', 1),
(164, 520719198, 1, '2018-10-09 18:08:44', 1),
(165, 1384761402, 1, '2018-10-09 21:34:22', 1),
(166, 1384761382, 1, '2018-10-10 01:50:19', 1),
(167, 520722647, 1, '2018-10-10 09:35:40', 1),
(168, 83924595, 1, '2018-10-10 16:45:35', 1),
(169, 83924595, 1, '2018-10-10 17:09:11', 1),
(170, 520719198, 1, '2018-10-10 19:20:33', 1),
(171, 1580139967, 1, '2018-10-10 20:15:02', 1),
(172, 83924595, 1, '2018-10-11 01:44:07', 1),
(173, 83924595, 1, '2018-10-11 13:05:25', 1),
(174, 1580139967, 1, '2018-10-11 15:21:26', 1),
(175, 83892004, 1, '2018-10-11 20:16:10', 1),
(176, 83924595, 1, '2018-10-11 21:29:59', 1),
(177, 758675296, 1, '2018-10-12 10:09:34', 1),
(178, 1439464630, 1, '2018-10-12 11:39:15', 1),
(179, 1580144641, 1, '2018-10-12 11:53:30', 1),
(180, 1580144641, 1, '2018-10-12 14:14:28', 1),
(181, 1439464630, 1, '2018-10-12 14:55:45', 1),
(182, 1580144641, 1, '2018-10-12 15:33:19', 1),
(183, 94052191, 1, '2018-10-12 18:43:32', 1),
(184, 2989755416, 1, '2018-10-12 21:37:29', 1),
(185, 1439464630, 1, '2018-10-12 22:38:08', 1),
(186, 94052191, 1, '2018-10-12 22:45:41', 1),
(187, 758675296, 1, '2018-10-12 23:37:43', 1),
(188, 94077560, 1, '2018-10-13 14:34:03', 1),
(189, 0, 1, '2018-10-13 07:46:04', 1),
(190, 0, 1, '2018-10-13 08:13:32', 1),
(191, 0, 1, '2018-10-13 08:13:46', 1),
(192, 0, 1, '2018-10-13 17:24:26', 1),
(193, 0, 1, '2018-10-13 18:28:18', 1),
(194, 0, 1, '2018-10-13 19:03:51', 1),
(195, 0, 1, '2018-10-14 08:43:59', 0),
(196, 0, 1, '2018-10-14 08:44:02', 1),
(197, 0, 1, '2018-10-14 16:08:50', 1),
(198, 0, 1, '2018-10-15 04:39:00', 1),
(199, 0, 1, '2018-10-15 05:30:18', 1),
(200, 0, 1, '2018-10-15 13:28:47', 1),
(201, 0, 1, '2018-10-16 14:57:21', 1),
(202, 0, 1, '2018-10-16 14:57:26', 1),
(203, 0, 1, '2018-10-16 15:23:15', 1),
(204, 0, 1, '2018-10-17 09:59:47', 1),
(205, 0, 1, '2018-10-18 08:43:44', 1),
(206, 0, 1, '2018-10-19 09:36:50', 1),
(207, 0, 1, '2018-10-19 14:07:22', 1),
(208, 0, 1, '2018-10-20 08:19:36', 1),
(209, 0, 1, '2018-10-20 09:20:35', 1),
(210, 0, 1, '2018-10-20 14:21:23', 1),
(211, 0, 1, '2018-10-20 17:40:29', 1),
(212, 0, 1, '2018-10-20 18:13:14', 1),
(213, 0, 1, '2018-10-21 04:24:04', 1),
(214, 0, 1, '2018-10-21 14:50:27', 1),
(215, 0, 1, '2018-10-21 16:18:47', 1),
(216, 0, 1, '2018-10-21 22:01:28', 1),
(217, 0, 1, '2018-10-22 06:23:19', 1),
(218, 0, 1, '2018-10-22 10:35:26', 1),
(219, 0, 1, '2018-10-22 10:36:54', 1),
(220, 0, 1, '2018-10-23 05:30:09', 1),
(221, 0, 1, '2018-10-23 06:32:02', 1),
(222, 0, 1, '2018-10-23 11:55:41', 1),
(223, 0, 1, '2018-10-24 12:28:54', 1),
(224, 0, 1, '2018-10-24 13:19:43', 1),
(225, 0, 1, '2018-10-25 05:06:35', 1),
(226, 0, 1, '2018-10-25 05:06:36', 1),
(227, 0, 1, '2018-10-25 06:28:21', 1),
(228, 0, 1, '2018-10-25 06:28:41', 1),
(229, 0, 1, '2018-10-25 11:20:05', 1),
(230, 0, 1, '2018-10-25 11:26:20', 1),
(231, 0, 1, '2018-10-25 13:53:40', 1),
(232, 0, 1, '2018-10-25 14:15:49', 1),
(233, 0, 1, '2018-10-26 10:04:35', 1),
(234, 0, 1, '2018-10-26 17:38:28', 1),
(235, 0, 1, '2018-10-26 19:26:12', 0),
(236, 0, 1, '2018-10-26 19:26:19', 1),
(237, 0, 1, '2018-10-26 21:30:53', 1),
(238, 0, 1, '2018-10-27 07:03:39', 1),
(239, 0, 1, '2018-10-27 08:41:10', 1),
(240, 0, 1, '2018-10-27 12:09:35', 1),
(241, 0, 1, '2018-10-27 15:55:15', 1),
(242, 0, 1, '2018-10-27 15:58:43', 1),
(243, 0, 1, '2018-10-28 01:25:18', 1),
(244, 0, 1, '2018-10-28 01:41:30', 1),
(245, 0, 1, '2018-10-28 05:04:16', 1),
(246, 0, 1, '2018-10-28 09:44:19', 1),
(247, 0, 1, '2018-10-28 14:30:41', 1),
(248, 0, 1, '2018-11-02 19:38:14', 1),
(249, 0, 1, '2018-11-16 05:43:32', 0),
(250, 0, 1, '2018-11-16 05:43:34', 1),
(251, 0, 1, '2018-11-17 08:33:34', 1),
(252, 0, 1, '2018-11-18 20:54:35', 1),
(253, 0, 1, '2018-11-19 07:06:14', 1),
(254, 0, 1, '2018-11-19 08:51:01', 1),
(255, 0, 1, '2018-11-19 16:09:02', 1),
(256, 0, 1, '2018-11-20 06:17:58', 1),
(257, 0, 1, '2018-11-20 06:18:04', 1),
(258, 0, 1, '2018-11-20 06:18:06', 1),
(259, 0, 1, '2018-11-21 15:34:38', 1),
(260, 0, 1, '2018-11-22 07:13:06', 1),
(261, 0, 1, '2018-11-22 12:54:31', 1),
(262, 0, 1, '2018-11-22 16:56:00', 1),
(263, 0, 1, '2018-11-22 19:33:18', 1),
(264, 0, 1, '2018-11-22 19:33:18', 1),
(265, 0, 1, '2018-11-23 18:28:36', 1),
(266, 0, 1, '2018-11-23 18:32:26', 1),
(267, 0, 1, '2018-11-24 12:54:24', 1),
(268, 0, 1, '2018-11-24 15:19:15', 1),
(269, 0, 1, '2018-11-25 09:32:34', 1),
(270, 0, 1, '2018-11-26 05:06:37', 1),
(271, 0, 1, '2018-11-26 17:39:42', 1),
(272, 0, 1, '2018-11-27 12:19:10', 1),
(273, 0, 1, '2018-11-28 04:05:46', 1),
(274, 0, 1, '2018-11-28 11:30:40', 1),
(275, 0, 1, '2018-11-28 15:55:03', 1),
(276, 0, 1, '2018-11-28 17:11:38', 1),
(277, 0, 1, '2018-11-28 18:26:14', 1),
(278, 0, 1, '2018-11-29 02:54:59', 1),
(279, 0, 1, '2018-11-29 05:20:49', 1),
(280, 0, 1, '2018-11-29 09:42:32', 1),
(281, 0, 1, '2018-11-29 10:58:47', 1),
(282, 0, 1, '2018-11-29 12:47:26', 1),
(283, 0, 1, '2018-11-29 16:08:19', 1),
(284, 0, 1, '2018-11-30 02:44:33', 1),
(285, 0, 5, '2018-11-30 07:02:28', 1),
(286, 0, 5, '2018-11-30 07:05:34', 1),
(287, 0, 0, '2018-11-30 08:08:40', 0),
(288, 0, NULL, '2018-11-30 08:15:23', 1),
(289, 0, NULL, '2018-11-30 08:15:31', 1),
(290, 0, 10, '2018-11-30 08:34:42', 1),
(291, 0, NULL, '2018-11-30 09:10:15', 1),
(292, 0, NULL, '2018-11-30 09:16:38', 1),
(293, 0, NULL, '2018-11-30 09:30:50', 1),
(294, 0, 0, '2018-11-30 13:53:22', 0),
(295, 0, 10, '2018-11-30 13:54:08', 0),
(296, 0, 10, '2018-11-30 13:54:19', 1),
(297, 0, 10, '2018-11-30 14:00:32', 0),
(298, 0, 10, '2018-11-30 14:00:41', 1),
(299, 0, NULL, '2018-12-01 12:24:45', 1),
(300, 0, 10, '2018-12-01 12:32:11', 1),
(301, 0, 10, '2018-12-01 12:34:18', 1),
(302, 0, NULL, '2018-12-02 01:50:43', 1),
(303, 0, NULL, '2018-12-02 01:50:44', 1),
(304, 0, 10, '2018-12-02 01:51:15', 1),
(305, 0, 10, '2018-12-02 01:59:48', 1),
(306, 0, NULL, '2018-12-02 02:14:59', 1),
(307, 0, 10, '2018-12-02 05:52:11', 1),
(308, 0, 19, '2018-12-02 10:42:28', 1),
(309, 0, 20, '2018-12-02 10:49:13', 1),
(310, 0, 10, '2018-12-02 13:18:01', 1),
(311, 0, NULL, '2018-12-02 14:13:05', 1),
(312, 0, 10, '2018-12-02 14:13:44', 1),
(313, 0, 20, '2018-12-02 14:15:08', 1),
(314, 0, 10, '2018-12-02 16:12:00', 1),
(315, 0, 10, '2018-12-02 16:54:18', 1),
(316, 0, 10, '2018-12-02 17:23:27', 1),
(317, 0, 10, '2018-12-03 04:57:26', 1),
(318, 0, 20, '2018-12-03 05:35:43', 1),
(319, 0, 10, '2018-12-03 05:38:48', 1),
(320, 0, 20, '2018-12-03 05:47:32', 1),
(321, 0, 10, '2018-12-03 05:47:54', 1),
(322, 0, 10, '2018-12-03 05:53:14', 1),
(323, 0, 10, '2018-12-03 06:00:38', 1),
(324, 0, 20, '2018-12-03 06:02:54', 1),
(325, 0, 10, '2018-12-03 06:08:01', 1),
(326, 0, 20, '2018-12-03 06:10:55', 0),
(327, 0, 20, '2018-12-03 06:11:03', 1),
(328, 0, 10, '2018-12-03 06:12:17', 1),
(329, 0, 20, '2018-12-03 08:13:51', 1),
(330, 0, 10, '2018-12-03 08:14:57', 1),
(331, 0, 10, '2018-12-03 08:17:13', 1),
(332, 0, 20, '2018-12-03 09:15:51', 1),
(333, 0, 10, '2018-12-03 09:19:11', 1),
(334, 0, 21, '2018-12-03 11:28:32', 1),
(335, 0, 22, '2018-12-03 11:31:39', 1),
(336, 0, 10, '2018-12-03 12:17:05', 1),
(337, 0, 10, '2018-12-03 13:32:00', 1),
(338, 0, 10, '2018-12-03 14:13:51', 1),
(339, 0, 20, '2018-12-03 14:14:07', 1),
(340, 0, 20, '2018-12-03 15:30:26', 1),
(341, 0, 10, '2018-12-03 15:31:23', 1),
(342, 0, 20, '2018-12-03 15:40:35', 1),
(343, 0, 20, '2018-12-03 15:40:50', 1),
(344, 0, 10, '2018-12-03 15:42:49', 1),
(345, 0, 10, '2018-12-03 15:52:41', 1),
(346, 0, 10, '2018-12-03 16:55:32', 1),
(347, 0, 20, '2018-12-03 16:59:39', 1),
(348, 0, 10, '2018-12-04 05:05:53', 1),
(349, 0, 20, '2018-12-04 05:10:19', 1),
(350, 0, 10, '2018-12-04 05:11:29', 1),
(351, 0, 20, '2018-12-04 05:13:38', 1),
(352, 0, 23, '2018-12-04 05:33:58', 1),
(353, 0, 10, '2018-12-04 05:34:14', 1),
(354, 0, 23, '2018-12-04 05:41:32', 1),
(355, 0, 23, '2018-12-04 05:41:59', 1),
(356, 0, 10, '2018-12-04 05:42:58', 1),
(357, 0, 23, '2018-12-04 05:44:23', 1),
(358, 0, 10, '2018-12-04 06:22:24', 1),
(359, 0, 20, '2018-12-04 06:23:29', 1),
(360, 0, 10, '2018-12-04 06:28:18', 1),
(361, 0, 10, '2018-12-07 03:57:07', 1),
(362, 0, 20, '2018-12-07 03:59:24', 1),
(363, 0, 10, '2018-12-07 04:00:38', 1),
(364, 0, 20, '2018-12-07 06:23:20', 1),
(365, 0, 24, '2018-12-07 06:24:30', 1),
(366, 0, 10, '2018-12-07 06:40:55', 1),
(367, 0, 10, '2018-12-07 07:45:02', 1),
(368, 0, 10, '2018-12-07 11:40:37', 1),
(369, 0, 10, '2018-12-07 11:44:10', 1),
(370, 0, 10, '2018-12-07 11:49:51', 1),
(371, 0, 10, '2018-12-07 12:02:37', 1),
(372, 0, 10, '2018-12-07 12:15:53', 1),
(373, 0, 10, '2018-12-07 12:47:55', 1),
(374, 0, 10, '2018-12-07 12:51:55', 1),
(375, 0, 10, '2018-12-07 12:54:28', 1),
(376, 0, 10, '2018-12-07 13:01:33', 1),
(377, 0, 10, '2018-12-07 13:11:31', 1),
(378, 0, 1, '2018-12-07 17:15:44', 1),
(379, 0, 10, '2018-12-07 17:19:03', 1),
(380, 0, 10, '2018-12-07 17:40:24', 1),
(381, 0, 10, '2018-12-07 17:52:14', 1),
(382, 0, 1, '2018-12-07 18:19:31', 1),
(383, 0, 23, '2018-12-08 01:59:46', 1),
(384, 0, 20, '2018-12-08 02:00:03', 1),
(385, 0, 10, '2018-12-08 02:02:56', 1),
(386, 0, 10, '2018-12-08 05:04:24', 1),
(387, 0, 10, '2018-12-08 05:12:04', 1),
(388, 0, 20, '2018-12-08 09:27:51', 1),
(389, 0, 10, '2018-12-08 09:28:47', 1),
(390, 0, 10, '2018-12-08 19:20:49', 1),
(391, 0, 10, '2018-12-08 20:29:50', 1),
(392, 0, 10, '2018-12-09 06:52:35', 1),
(393, 0, 10, '2018-12-09 11:17:46', 1),
(394, 0, 10, '2018-12-09 11:18:20', 1),
(395, 0, 20, '2018-12-09 11:48:52', 1),
(396, 0, 10, '2018-12-09 12:53:35', 1),
(397, 0, 10, '2018-12-09 15:05:15', 1),
(398, 0, 10, '2018-12-09 15:13:53', 1);

-- --------------------------------------------------------

--
-- Table structure for table `userdata`
--

CREATE TABLE IF NOT EXISTS `userdata` (
  `userdata_id` int(10) unsigned NOT NULL AUTO_INCREMENT,
  `user_id` int(10) unsigned NOT NULL,
  `first_name` varchar(40) DEFAULT NULL,
  `last_name` varchar(40) DEFAULT NULL,
  `gender` tinyint(1) DEFAULT NULL,
  `email` varchar(254) NOT NULL,
  `phone` varchar(15) NOT NULL,
  `birth_date` date NOT NULL,
  `disease` text NOT NULL,
  PRIMARY KEY (`userdata_id`),
  KEY `user_id` (`user_id`)
) ENGINE=InnoDB  DEFAULT CHARSET=utf8 AUTO_INCREMENT=20 ;

--
-- Dumping data for table `userdata`
--

INSERT INTO `userdata` (`userdata_id`, `user_id`, `first_name`, `last_name`, `gender`, `email`, `phone`, `birth_date`, `disease`) VALUES
(1, 1, 'د.محمد', 'شباط', 1, 'admin@sdd.com', '032321', '0000-00-00', ''),
(2, 2, 'د.نور', 'شماس', 1, 'nour@gmail.com', '099392323', '0000-00-00', ''),
(3, 3, 'مصعب', 'عمير', 1, 'mossab@gmail.com', '0993623827', '0000-00-00', ''),
(4, 5, 'رهف', 'علوش', 0, 'rhafalloush95@gmail.com', '123456789', '2016-02-02', '            ممنننن        '),
(5, 6, 'رهف', 'علوش', 0, 'rhafalloush95@gmail.com', '123456789', '0000-00-00', '            ممنننن                            '),
(6, 7, 'رهف', 'علوش', 0, 'rhafalloush95@gmail.com', '123456789', '0000-00-00', '            ممنننن                          jj                ss      '),
(7, 8, 'رهف', 'علوش', 1, 'rhaf@test.com', '11', '0000-00-00', '            jjjjh        '),
(8, 9, 'f', 'f', 1, 'rhaf@test.com', '44', '2018-11-30', '          fffff          '),
(9, 10, 'رهف', 'علوش', 0, 'rhaf@test.com', '123', '0000-00-00', 'لا يوجد       sss    '),
(10, 11, 'زائر', 'زز', 0, 'rhaf@test.com', '22', '2018-11-30', '                    بب'),
(11, 12, 'زائر', 'زز', 0, 'rhaf@test.com', '22', '2018-11-30', '                    بب                    '),
(12, 13, 'س', 'س', 0, 'rhaf@test.com', '5', '2018-11-30', '         سسس           '),
(13, 18, 'v', 'v', 0, 'rhaf@test.com', '8', '2018-11-25', ' qw\r\n                     \r\n                     \r\n                    '),
(14, 19, 'vv', 'vv', 0, 'rhaf@test.com', '5', '2018-12-02', ' cc\r\n                    '),
(15, 20, 'h', 'h', 0, 'rhaf@test.com', '5', '2018-12-02', ' \r\n                  h  '),
(16, 21, 'ggg', 'g', 0, 'rhaf@test.com', '5', '2018-12-03', ' \r\n                 gggggggggg    \r\n                     \r\n                     \r\n                     \r\n                     \r\n                     \r\n                     \r\n                     \r\n                     \r\n                     \r\n                     \r\n                    '),
(17, 22, 'j', 'j', 0, 'rhaf@test.com', '5', '2018-12-03', ' \r\n      j               \r\n                     \r\n                     \r\n                    '),
(18, 23, 'doctor', 'd', 0, 'rhaf@test.com', '5', '2018-12-04', ' d\r\n                    '),
(19, 24, 'رهف', 'علوش', 0, 'rhaf@test.com', '5', '2018-12-07', ' \r\n     ش               ');

-- --------------------------------------------------------

--
-- Table structure for table `users`
--

CREATE TABLE IF NOT EXISTS `users` (
  `user_id` int(11) unsigned NOT NULL AUTO_INCREMENT,
  `username` varchar(32) NOT NULL,
  `password` varchar(60) NOT NULL,
  `password_last_set` datetime NOT NULL,
  `password_never_expires` tinyint(1) NOT NULL DEFAULT '0',
  `remember_me` varchar(40) NOT NULL,
  `activation_code` varchar(40) NOT NULL,
  `active` tinyint(1) NOT NULL DEFAULT '0',
  `forgot_code` varchar(40) NOT NULL,
  `forgot_generated` datetime NOT NULL,
  `enabled` tinyint(1) NOT NULL DEFAULT '1',
  `last_login` datetime NOT NULL,
  `last_login_ip` int(10) NOT NULL,
  PRIMARY KEY (`user_id`)
) ENGINE=InnoDB  DEFAULT CHARSET=utf8 AUTO_INCREMENT=25 ;

--
-- Dumping data for table `users`
--

INSERT INTO `users` (`user_id`, `username`, `password`, `password_last_set`, `password_never_expires`, `remember_me`, `activation_code`, `active`, `forgot_code`, `forgot_generated`, `enabled`, `last_login`, `last_login_ip`) VALUES
(1, 'admin', '$2a$08$glVINo.dWbH7voqyOzZ4YeyZOUTGSy3jxYXzNLrVPaWJj9ZLesoCy', '2018-09-19 18:00:15', 0, '6878a7fdad4a5aea216f1f66ae1becfac6a62285', '', 1, '', '0000-00-00 00:00:00', 1, '2018-12-07 20:19:31', 0),
(2, 'ahmad', '$2a$08$30kc9L1nLO/sUVG2ExwUs..LqI5C/mMwoVzxPPWk0G1fTeS6T9jhW', '2018-09-19 18:01:15', 0, '6ac3c5aa0002289b0ba7bef6fc38c256869a86c8', '', 1, '', '0000-00-00 00:00:00', 1, '2018-10-02 17:38:48', 83919838),
(3, 'mossab', '$2a$08$5JnDGg5bCUFvYYVsZSf24uUj/skPcMwferFknI8ar7bBFUDsUESrC', '2018-10-08 10:31:44', 0, '', '', 1, '', '0000-00-00 00:00:00', 1, '2018-10-08 10:32:04', 83923213),
(4, 'admin', '$2a$08$glVINo.dWbH7voqyOzZ4YeyZOUTGSy3jxYXzNLrVPaWJj9ZLesoCy', '2018-09-19 18:00:15', 0, '6878a7fdad4a5aea216f1f66ae1becfac6a62285', '', 1, '', '0000-00-00 00:00:00', 1, '2018-11-02 21:38:14', 0),
(5, 'رهف', '$2a$08$nM4Sl/zKDx7FuGiaKQopE.b9QpHFvonpr19zX3TAlG2pdQqo6S0xO', '2018-11-30 07:02:14', 0, '', '', 1, '', '0000-00-00 00:00:00', 1, '2018-11-30 09:05:34', 0),
(6, 'رهف12', '$2a$08$O4ioutjBE7v5ha8R0TWUie/95IuK0SBLGsGQ8tGVZCMVMwAoPnVEO', '2018-11-30 07:06:48', 0, '', '', 1, '', '0000-00-00 00:00:00', 1, '0000-00-00 00:00:00', 0),
(7, 'رهف1', '$2a$08$sYs.D.xcCJ8dxrbTwTTJteIw333roZBshiWWSPdf6Kdwumvv5lTKa', '2018-11-30 07:07:17', 0, '', '', 1, '', '0000-00-00 00:00:00', 1, '0000-00-00 00:00:00', 0),
(8, '11', '$2a$08$My4i1HWtB0GsO1heenqCMOvOiH/hIX9EEAuQ3Qn98026oOyW/jbl2', '2018-11-30 07:08:59', 0, '', '', 1, '', '0000-00-00 00:00:00', 1, '0000-00-00 00:00:00', 0),
(9, 'f', '$2a$08$M4To2C0JQQILMjxjiAHHDuY23Cm1m7J48PgJdumZHDUKMf1AtG2tC', '2018-11-30 07:12:27', 0, '', '', 1, '', '0000-00-00 00:00:00', 1, '0000-00-00 00:00:00', 0),
(10, 'admin2', '$2a$08$GKcUIIOxdJzM.qRHKr.IK.kIKZPb4bio67urYYZhgLXS2XTDAmbsW', '2018-11-30 10:33:03', 0, '', '', 1, '', '0000-00-00 00:00:00', 1, '2018-12-09 17:13:53', 0),
(11, 'بب', '$2a$08$lBkdBIq.aTrQf.quGwNVn.fdkRZQu7DIOAXx9Jw8sw7mIyiJGYQk.', '2018-11-30 11:54:21', 0, '', '', 1, '', '0000-00-00 00:00:00', 1, '0000-00-00 00:00:00', 0),
(12, 'يب', '$2a$08$r7Y6EI2c5C/cr7lraFwVx.RXUFH1jcDYKOsFHlNRpfrGzevUsva1C', '2018-11-30 11:57:51', 0, '', '', 1, '', '0000-00-00 00:00:00', 1, '0000-00-00 00:00:00', 0),
(13, 'س', '$2a$08$py03ZK1VUVqb303wIMi3UunfJ0TG1hH9VO.PmIjtHeAwaiEz8abCO', '2018-11-30 11:59:13', 0, '', '', 1, '', '0000-00-00 00:00:00', 1, '0000-00-00 00:00:00', 0),
(18, 'qw', '$2a$08$dKQsd9LuaifcOkgT/7jJBuIHutemK53oPbIWSCAgy8Ox7xg.4LOqi', '2018-12-02 11:38:41', 0, '', '', 1, '', '0000-00-00 00:00:00', 1, '0000-00-00 00:00:00', 0),
(19, 'vvvvvvv', '$2a$08$zgyGCq0Cdm3Ig5yT9lpbl.gx1Eq6EkilqpCTFrn7sdbnIFm5OftKW', '2018-12-02 12:42:27', 0, '', '', 1, '', '0000-00-00 00:00:00', 1, '2018-12-02 12:42:27', 0),
(20, 'h', '$2a$08$6ZSFuUoPHunCDpRFPVY/k.Yf3OmK6cKW.WwUK7CK8JibcGPwSwcsK', '2018-12-02 12:49:13', 0, '', '', 1, '', '0000-00-00 00:00:00', 1, '2018-12-09 13:48:52', 0),
(21, 'ggggggggggggggggggg', '$2a$08$2kWGxInmFpckaUPKMBus1uXLOzMs29lEcBn.aRMtW2FdZSczGA1Oi', '2018-12-03 13:28:32', 0, '', '', 1, '', '0000-00-00 00:00:00', 1, '2018-12-03 13:28:32', 0),
(22, 'j', '$2a$08$2GjOcKdf/qdFYP6qcfQP4er31FLJDAA39NWaaj2E9EBmJ8aE77Qje', '2018-12-03 13:31:39', 0, '', '', 1, '', '0000-00-00 00:00:00', 1, '2018-12-03 13:31:39', 0),
(23, 'd', '$2a$08$5lWZDsTh.crmQolOVEeeSOwU/eKRbFLgN9v8leF/aKQMFJ8W2DSAe', '2018-12-04 07:33:57', 0, '', '', 1, '', '0000-00-00 00:00:00', 1, '2018-12-08 03:59:46', 0),
(24, 'ش', '$2a$08$Mur7auGcMccnHoYh24a69OLTor.IDMQNMQcTHKTyDgooU81RA76ky', '2018-12-07 08:24:30', 0, '', '', 1, '', '0000-00-00 00:00:00', 1, '2018-12-07 08:24:30', 0);

-- --------------------------------------------------------

--
-- Table structure for table `user_group`
--

CREATE TABLE IF NOT EXISTS `user_group` (
  `assoc_id` int(10) unsigned NOT NULL AUTO_INCREMENT,
  `user_id` int(10) unsigned NOT NULL,
  `group_id` int(10) unsigned NOT NULL,
  PRIMARY KEY (`assoc_id`),
  KEY `user_id` (`user_id`,`group_id`)
) ENGINE=InnoDB  DEFAULT CHARSET=utf8 AUTO_INCREMENT=31 ;

--
-- Dumping data for table `user_group`
--

INSERT INTO `user_group` (`assoc_id`, `user_id`, `group_id`) VALUES
(3, 1, 1),
(7, 1, 9),
(4, 2, 3),
(8, 2, 9),
(5, 3, 8),
(9, 3, 9),
(10, 5, 2),
(11, 6, 2),
(29, 7, 2),
(13, 8, 2),
(14, 9, 2),
(30, 10, 1),
(16, 11, 2),
(17, 12, 2),
(18, 13, 2),
(19, 18, 2),
(20, 19, 2),
(21, 20, 2),
(22, 21, 2),
(23, 22, 2),
(24, 23, 3),
(25, 24, 2);

/*!40101 SET CHARACTER_SET_CLIENT=@OLD_CHARACTER_SET_CLIENT */;
/*!40101 SET CHARACTER_SET_RESULTS=@OLD_CHARACTER_SET_RESULTS */;
/*!40101 SET COLLATION_CONNECTION=@OLD_COLLATION_CONNECTION */;
